{
  "dataset": "Application_Example",
  "F_inf": 0.28433198322438624,
  "d_means": 0.11438651871426764,
  "d_cov": 0.16632124318853259,
  "d_skew": 0.0036242213215860186,
  "rmse": 0.31317310021404327,
  "mad": 0.2444782509847245,
  "cod": 0.7829687997711161
}