{
  "Glass": {
    "dataset": "Glass",
    "n": 214,
    "p": 10,
    "n_seeds": 10,
    "l": 200,
    "G": 300,
    "Q": 3,
    "mar": {
      "baselines": {
        "Mean": {
          "rmse": 0.12866914731264467,
          "mad": 0.09604414089994939,
          "Fr": 494.9257993214954
        },
        "KNN": {
          "rmse": 0.09737749217601804,
          "mad": 0.060807984076027465,
          "Fr": 505.89376415060025
        },
        "MICE": {
          "rmse": 0.08452271719885396,
          "mad": 0.04897653653116665,
          "Fr": 424.6237836991749
        }
      },
      "miga_rmse": [
        0.16538691342840034,
        0.16719345143923864,
        0.17274146103025562,
        0.17922634582185407,
        0.17145862075620957,
        0.16355794076396019,
        0.16681718986442998,
        0.16983200381568356,
        0.16581969934922933,
        0.16734461678045925
      ],
      "miga_fr": [
        402.4982974009077,
        423.99346949584685,
        423.2461210256429,
        418.6108388562981,
        429.64952268868785,
        418.65793620819323,
        438.7815207590501,
        431.570783565706,
        425.48916790242976,
        417.82729731392965
      ],
      "miga_rmse_mean": 0.1689378243049721,
      "miga_rmse_std": 0.0043454384662118236,
      "miga_fr_mean": 423.03249552166926,
      "miga_fr_std": 9.26908167457345,
      "wilcoxon_fr": {
        "Mean": {
          "p": 0.0009765625,
          "miga_wins": true,
          "miga_mean_fr": 423.03249552166926,
          "baseline_fr": 494.9257993214954
        },
        "KNN": {
          "p": 0.0009765625,
          "miga_wins": true,
          "miga_mean_fr": 423.03249552166926,
          "baseline_fr": 505.89376415060025
        },
        "MICE": {
          "p": 0.34765625,
          "miga_wins": true,
          "miga_mean_fr": 423.03249552166926,
          "baseline_fr": 424.6237836991749
        }
      }
    },
    "top": {
      "baselines": {
        "Mean": {
          "rmse": 0.22222384579043303,
          "mad": 0.18323586213203913,
          "Fr": 1.0978259861510652e+19
        },
        "KNN": {
          "rmse": 0.22893569049027324,
          "mad": 0.179773656086164,
          "Fr": 1.0978259861510652e+19
        },
        "MICE": {
          "rmse": 0.252449825671711,
          "mad": 0.19908366872651734,
          "Fr": 1.0978259861510652e+19
        }
      },
      "miga_rmse": [
        0.23367003940098197,
        0.2273043071036384,
        0.22917665845630042,
        0.23279332299254635,
        0.23256304637757205,
        0.23454238492353263,
        0.22822214994147705,
        0.23503956372241283,
        0.23667121971442368,
        0.22999687703183336
      ],
      "miga_fr": [
        1.0978259861510652e+19,
        1.0978259861510652e+19,
        1.0978259861510652e+19,
        1.0978259861510652e+19,
        1.0978259861510652e+19,
        1.0978259861510652e+19,
        1.0978259861510652e+19,
        1.0978259861510652e+19,
        1.0978259861510652e+19,
        1.0978259861510652e+19
      ],
      "miga_rmse_mean": 0.23199795696647185,
      "miga_rmse_std": 0.0029927207811088216,
      "miga_fr_mean": 1.0978259861510652e+19,
      "miga_fr_std": 0.0,
      "wilcoxon_fr": {
        "Mean": {
          "p": NaN,
          "miga_wins": null
        },
        "KNN": {
          "p": NaN,
          "miga_wins": null
        },
        "MICE": {
          "p": NaN,
          "miga_wins": null
        }
      }
    },
    "tails": {
      "baselines": {
        "Mean": {
          "rmse": 0.19247762691682324,
          "mad": 0.15633124191501124,
          "Fr": 1050.7110325143462
        },
        "KNN": {
          "rmse": 0.18140052610457696,
          "mad": 0.13971257628608946,
          "Fr": 1009.371108463603
        },
        "MICE": {
          "rmse": 0.17187991906069933,
          "mad": 0.1357352802403253,
          "Fr": 971.9941831192449
        }
      },
      "miga_rmse": [
        0.18754750828606298,
        0.18699584204397648,
        0.18582772304003692,
        0.18653563879957594,
        0.18447726284570137,
        0.18766303835778866,
        0.18695484119548217,
        0.18660129824102614,
        0.185372205472584,
        0.18602729002871066
      ],
      "miga_fr": [
        1031.7080068249406,
        1019.4217069983065,
        1023.8750348387639,
        1032.1172132941492,
        1023.4721854437432,
        1027.5200383039962,
        1030.0695662115022,
        1025.2273616183945,
        1021.5039673138568,
        1027.348283237763
      ],
      "miga_rmse_mean": 0.1864002648310945,
      "miga_rmse_std": 0.0009409319430515738,
      "miga_fr_mean": 1026.2263364085416,
      "miga_fr_std": 4.064106964057872,
      "wilcoxon_fr": {
        "Mean": {
          "p": 0.0009765625,
          "miga_wins": true,
          "miga_mean_fr": 1026.2263364085416,
          "baseline_fr": 1050.7110325143462
        },
        "KNN": {
          "p": 1.0,
          "miga_wins": false,
          "miga_mean_fr": 1026.2263364085416,
          "baseline_fr": 1009.371108463603
        },
        "MICE": {
          "p": 1.0,
          "miga_wins": false,
          "miga_mean_fr": 1026.2263364085416,
          "baseline_fr": 971.9941831192449
        }
      }
    }
  }
}