{
  "Haberman": {
    "dataset": "Haberman",
    "n": 306,
    "p": 3,
    "n_seeds": 10,
    "l": 200,
    "G": 300,
    "Q": 3,
    "mar": {
      "baselines": {
        "Mean": {
          "rmse": 0.19973996048499634,
          "mad": 0.1656252635452685,
          "Fr": 3.732767969675697
        },
        "KNN": {
          "rmse": 0.21501372926405674,
          "mad": 0.17178014766201805,
          "Fr": 2.8156480171232516
        },
        "MICE": {
          "rmse": 0.20105822617059474,
          "mad": 0.1673611358713373,
          "Fr": 5.0653772794005425
        }
      },
      "miga_rmse": [
        0.38289114767617766,
        0.39797069091221127,
        0.38524370299458927,
        0.40315344187455004,
        0.4017448439267302,
        0.3941064031215956,
        0.40870142352543387,
        0.41429186358365255,
        0.4108968169996459,
        0.3856703546097557
      ],
      "miga_fr": [
        2.576855332233615,
        2.582597933392464,
        2.5821962441686224,
        2.5874535629540008,
        2.5834081868117122,
        2.585216899841689,
        2.5807585836780857,
        2.578575641878243,
        2.5715513303050717,
        2.5765000895173857
      ],
      "miga_rmse_mean": 0.3984670689224342,
      "miga_rmse_std": 0.01069044012931623,
      "miga_fr_mean": 2.5805113804780886,
      "miga_fr_std": 0.0044661795984275955,
      "wilcoxon_fr": {
        "Mean": {
          "p": 0.0009765625,
          "miga_wins": true,
          "miga_mean_fr": 2.5805113804780886,
          "baseline_fr": 3.732767969675697
        },
        "KNN": {
          "p": 0.0009765625,
          "miga_wins": true,
          "miga_mean_fr": 2.5805113804780886,
          "baseline_fr": 2.8156480171232516
        },
        "MICE": {
          "p": 0.0009765625,
          "miga_wins": true,
          "miga_mean_fr": 2.5805113804780886,
          "baseline_fr": 5.0653772794005425
        }
      }
    },
    "top": {
      "baselines": {
        "Mean": {
          "rmse": 0.36386438018471073,
          "mad": 0.35099821364225314,
          "Fr": 2.4891067124092716
        },
        "KNN": {
          "rmse": 0.4158638180770972,
          "mad": 0.3953650533223953,
          "Fr": 1.6513454528461748
        },
        "MICE": {
          "rmse": 0.3638577303381059,
          "mad": 0.3509925951913436,
          "Fr": 1.7121427013682786
        }
      },
      "miga_rmse": [
        0.39671441490375814,
        0.3968021911327313,
        0.37325496488309606,
        0.3750493335141139,
        0.38569042070522236,
        0.3738350684201134,
        0.37370048178648607,
        0.38961832126905405,
        0.4006211608645766,
        0.3872273910684825
      ],
      "miga_fr": [
        0.8103009608154523,
        0.8102961231543018,
        0.8103042255759438,
        0.8103062834418804,
        0.8102986382451478,
        0.8103040799102015,
        0.8103138956231324,
        0.8103004987860629,
        0.8103047191341157,
        0.810307087259835
      ],
      "miga_rmse_mean": 0.38525137485476346,
      "miga_rmse_std": 0.010178267392684752,
      "miga_fr_mean": 0.8103036511946075,
      "miga_fr_std": 4.736186908144326e-06,
      "wilcoxon_fr": {
        "Mean": {
          "p": 0.0009765625,
          "miga_wins": true,
          "miga_mean_fr": 0.8103036511946075,
          "baseline_fr": 2.4891067124092716
        },
        "KNN": {
          "p": 0.0009765625,
          "miga_wins": true,
          "miga_mean_fr": 0.8103036511946075,
          "baseline_fr": 1.6513454528461748
        },
        "MICE": {
          "p": 0.0009765625,
          "miga_wins": true,
          "miga_mean_fr": 0.8103036511946075,
          "baseline_fr": 1.7121427013682786
        }
      }
    },
    "tails": {
      "baselines": {
        "Mean": {
          "rmse": 0.31896307886386865,
          "mad": 0.3115258408531583,
          "Fr": 2.1155037973633073
        },
        "KNN": {
          "rmse": 0.3305913400889553,
          "mad": 0.31312551271534045,
          "Fr": 1.549586199058975
        },
        "MICE": {
          "rmse": 0.318963608296212,
          "mad": 0.311526409561217,
          "Fr": 1.7348009782773417
        }
      },
      "miga_rmse": [
        0.36185331845209134,
        0.3558198953355959,
        0.3525203396602276,
        0.35307423355127554,
        0.34434102733820715,
        0.3312417287341663,
        0.34692161295903656,
        0.36432049846808884,
        0.3641026971401473,
        0.36672887905831636
      ],
      "miga_fr": [
        1.134005099915667,
        1.1340050802877566,
        1.1340050935026467,
        1.1340050930364591,
        1.1340050981548129,
        1.1340050828150527,
        1.1340050863000752,
        1.1340050872923582,
        1.1340050887033712,
        1.1340051006980114
      ],
      "miga_rmse_mean": 0.3540924230697153,
      "miga_rmse_std": 0.01048755173980957,
      "miga_fr_mean": 1.134005091070621,
      "miga_fr_std": 6.767188103260316e-09,
      "wilcoxon_fr": {
        "Mean": {
          "p": 0.0009765625,
          "miga_wins": true,
          "miga_mean_fr": 1.134005091070621,
          "baseline_fr": 2.1155037973633073
        },
        "KNN": {
          "p": 0.0009765625,
          "miga_wins": true,
          "miga_mean_fr": 1.134005091070621,
          "baseline_fr": 1.549586199058975
        },
        "MICE": {
          "p": 0.0009765625,
          "miga_wins": true,
          "miga_mean_fr": 1.134005091070621,
          "baseline_fr": 1.7348009782773417
        }
      }
    }
  }
}