{
  "Iris": {
    "dataset": "Iris",
    "n": 150,
    "p": 4,
    "n_seeds": 10,
    "l": 200,
    "G": 300,
    "Q": 3,
    "mar": {
      "baselines": {
        "Mean": {
          "rmse": 0.2711775854800433,
          "mad": 0.23316431510875957,
          "Fr": 11.65077043719389
        },
        "KNN": {
          "rmse": 0.07977210584104782,
          "mad": 0.06574074074074074,
          "Fr": 0.8515790112110685
        },
        "MICE": {
          "rmse": 0.0783127540392704,
          "mad": 0.06251934199631021,
          "Fr": 1.1555450379321726
        }
      },
      "miga_rmse": [
        0.11811272671847033,
        0.12746350080626434,
        0.1227333508125647,
        0.12263207906427845,
        0.1188521188796817,
        0.12089677337369611,
        0.11478506527306853,
        0.11409731588462592,
        0.11310662673933872,
        0.11375604526763565
      ],
      "miga_fr": [
        0.7901425600468125,
        0.7346767735922185,
        0.8068335585466566,
        0.7642711535549654,
        0.8374737579579862,
        0.761774983988818,
        0.8021440218940011,
        0.7841782753479122,
        0.7547212940181769,
        0.7686772557990895
      ],
      "miga_rmse_mean": 0.11864356028196243,
      "miga_rmse_std": 0.0045379513840009475,
      "miga_fr_mean": 0.7804893634746637,
      "miga_fr_std": 0.028341710164137758,
      "wilcoxon_fr": {
        "Mean": {
          "p": 0.0009765625,
          "miga_wins": true,
          "miga_mean_fr": 0.7804893634746637,
          "baseline_fr": 11.65077043719389
        },
        "KNN": {
          "p": 0.0009765625,
          "miga_wins": true,
          "miga_mean_fr": 0.7804893634746637,
          "baseline_fr": 0.8515790112110685
        },
        "MICE": {
          "p": 0.0009765625,
          "miga_wins": true,
          "miga_mean_fr": 0.7804893634746637,
          "baseline_fr": 1.1555450379321726
        }
      }
    },
    "top": {
      "baselines": {
        "Mean": {
          "rmse": 0.47297255467004085,
          "mad": 0.45941358024691337,
          "Fr": 18.408331410593373
        },
        "KNN": {
          "rmse": 0.24231798256580145,
          "mad": 0.2209876543209877,
          "Fr": 8.481131387249595
        },
        "MICE": {
          "rmse": 0.16700778367232838,
          "mad": 0.14582747798441886,
          "Fr": 5.3985664877525465
        }
      },
      "miga_rmse": [
        0.34920921659696785,
        0.3459448391634391,
        0.35955422621212757,
        0.3469677283656055,
        0.345549963953254,
        0.35000328928997104,
        0.35161732802396917,
        0.35288488214275837,
        0.36086065793557653,
        0.3589527650176053
      ],
      "miga_fr": [
        5.38764997995195,
        5.638823022386664,
        5.787374629055465,
        5.250208324452108,
        5.628792691368389,
        5.2616913452513945,
        5.383419283193191,
        5.633916332645624,
        5.500134331032104,
        5.397311769568784
      ],
      "miga_rmse_mean": 0.3521544896701274,
      "miga_rmse_std": 0.005477009576373197,
      "miga_fr_mean": 5.486932170890567,
      "miga_fr_std": 0.1704742931480253,
      "wilcoxon_fr": {
        "Mean": {
          "p": 0.0009765625,
          "miga_wins": true,
          "miga_mean_fr": 5.486932170890567,
          "baseline_fr": 18.408331410593373
        },
        "KNN": {
          "p": 0.0009765625,
          "miga_wins": true,
          "miga_mean_fr": 5.486932170890567,
          "baseline_fr": 8.481131387249595
        },
        "MICE": {
          "p": 0.8623046875,
          "miga_wins": false,
          "miga_mean_fr": 5.486932170890567,
          "baseline_fr": 5.3985664877525465
        }
      }
    },
    "tails": {
      "baselines": {
        "Mean": {
          "rmse": 0.3994499877222376,
          "mad": 0.39251893939393945,
          "Fr": 36.35601999316414
        },
        "KNN": {
          "rmse": 0.1685021241934102,
          "mad": 0.1430871212121212,
          "Fr": 6.298460579251402
        },
        "MICE": {
          "rmse": 0.14209000678471206,
          "mad": 0.12259736709629607,
          "Fr": 5.4311054085422725
        }
      },
      "miga_rmse": [
        0.12179791304351151,
        0.12142248514673273,
        0.12176318563360186,
        0.12124895912496225,
        0.1175755230812413,
        0.11926663350445721,
        0.1197341130891115,
        0.12331629218266922,
        0.11915576725543955,
        0.12077772918634536
      ],
      "miga_fr": [
        5.062454070565281,
        5.027051668405683,
        5.009335879480997,
        5.027701272509227,
        5.007394531138447,
        5.0369431533768045,
        5.008463256084972,
        5.030974497531442,
        5.0276718113732946,
        5.008909927276565
      ],
      "miga_rmse_mean": 0.12060586012480726,
      "miga_rmse_std": 0.0015829089968040048,
      "miga_fr_mean": 5.0246900067742715,
      "miga_fr_std": 0.0163905348134229,
      "wilcoxon_fr": {
        "Mean": {
          "p": 0.0009765625,
          "miga_wins": true,
          "miga_mean_fr": 5.0246900067742715,
          "baseline_fr": 36.35601999316414
        },
        "KNN": {
          "p": 0.0009765625,
          "miga_wins": true,
          "miga_mean_fr": 5.0246900067742715,
          "baseline_fr": 6.298460579251402
        },
        "MICE": {
          "p": 0.0009765625,
          "miga_wins": true,
          "miga_mean_fr": 5.0246900067742715,
          "baseline_fr": 5.4311054085422725
        }
      }
    }
  }
}