{
  "Iris": {
    "dataset": "Iris",
    "n": 150,
    "p": 4,
    "n_seeds": 10,
    "l": 200,
    "G": 300,
    "Q": 3,
    "mar": {
      "baselines": {
        "Mean": {
          "rmse": 0.2754241332608691,
          "mad": 0.23715432098765424,
          "Fr": 15.881134565840293
        },
        "KNN": {
          "rmse": 0.0870599884603932,
          "mad": 0.0650185185185185,
          "Fr": 2.5576859648041266
        },
        "MICE": {
          "rmse": 0.08829072295882415,
          "mad": 0.06923009246151629,
          "Fr": 2.7873300939043064
        }
      },
      "miga_rmse": [
        0.15231887524054938,
        0.16035473531675126,
        0.15837968054605045,
        0.15741955846796254,
        0.15110809641237163,
        0.14590274624202673,
        0.1533844066773346,
        0.15064311679964182,
        0.1490835868707639,
        0.1576745604265865
      ],
      "miga_fr": [
        2.905080499561994,
        2.8386216761506975,
        3.0288393474235855,
        2.9881552566657783,
        2.935985705026316,
        2.8706747519986076,
        2.8010390409568453,
        2.887490319103639,
        2.8620277972985235,
        2.927644779670215
      ],
      "miga_rmse_mean": 0.15362693630000387,
      "miga_rmse_std": 0.004426531543865816,
      "miga_fr_mean": 2.90455591738562,
      "miga_fr_std": 0.06501330609415168,
      "wilcoxon_fr": {
        "Mean": {
          "p": 0.0009765625,
          "miga_wins": true,
          "miga_mean_fr": 2.90455591738562,
          "baseline_fr": 15.881134565840293
        },
        "KNN": {
          "p": 1.0,
          "miga_wins": false,
          "miga_mean_fr": 2.90455591738562,
          "baseline_fr": 2.5576859648041266
        },
        "MICE": {
          "p": 1.0,
          "miga_wins": false,
          "miga_mean_fr": 2.90455591738562,
          "baseline_fr": 2.7873300939043064
        }
      }
    },
    "top": {
      "baselines": {
        "Mean": {
          "rmse": 0.4816742889992992,
          "mad": 0.45879629629629626,
          "Fr": 22.174914562343297
        },
        "KNN": {
          "rmse": 0.28892115056202206,
          "mad": 0.2513148148148148,
          "Fr": 19.49232672544058
        },
        "MICE": {
          "rmse": 0.17016230699988,
          "mad": 0.14056647336483374,
          "Fr": 7.991492949483409
        }
      },
      "miga_rmse": [
        0.44359194785924816,
        0.4384942139666924,
        0.4579513219412477,
        0.4493952328637376,
        0.4632311481051002,
        0.4524202430871461,
        0.45234163305959874,
        0.456493968314146,
        0.43987453747545624,
        0.4480715725859578
      ],
      "miga_fr": [
        12.902770492505809,
        12.841796541785254,
        13.206861589902228,
        13.528441720220615,
        13.318314265859904,
        13.593399587112682,
        13.34353812916469,
        13.724045479544511,
        13.230363100902292,
        12.83026515895779
      ],
      "miga_rmse_mean": 0.4501865819258331,
      "miga_rmse_std": 0.007559807738910607,
      "miga_fr_mean": 13.251979606595578,
      "miga_fr_std": 0.29986188119863444,
      "wilcoxon_fr": {
        "Mean": {
          "p": 0.0009765625,
          "miga_wins": true,
          "miga_mean_fr": 13.251979606595578,
          "baseline_fr": 22.174914562343297
        },
        "KNN": {
          "p": 0.0009765625,
          "miga_wins": true,
          "miga_mean_fr": 13.251979606595578,
          "baseline_fr": 19.49232672544058
        },
        "MICE": {
          "p": 1.0,
          "miga_wins": false,
          "miga_mean_fr": 13.251979606595578,
          "baseline_fr": 7.991492949483409
        }
      }
    },
    "tails": {
      "baselines": {
        "Mean": {
          "rmse": 0.3598092184213448,
          "mad": 0.3492867867867868,
          "Fr": 35.33073309407405
        },
        "KNN": {
          "rmse": 0.17894869945646213,
          "mad": 0.15739489489489483,
          "Fr": 8.461196778695015
        },
        "MICE": {
          "rmse": 0.16000851462721608,
          "mad": 0.14029064267612112,
          "Fr": 7.490543552145494
        }
      },
      "miga_rmse": [
        0.14943019866421342,
        0.15164283410601326,
        0.14778238195185212,
        0.15199446215737075,
        0.15115310784824576,
        0.15242129587159595,
        0.14978795500908038,
        0.15006192857767675,
        0.1512609546609036,
        0.14966216952067013
      ],
      "miga_fr": [
        7.317211356439957,
        7.333392148329075,
        7.279341557154352,
        7.370432624130912,
        7.335400845812245,
        7.347699237228831,
        7.358437607748181,
        7.344868611769741,
        7.400408200513223,
        7.299554591366633
      ],
      "miga_rmse_mean": 0.1505197288367622,
      "miga_rmse_std": 0.0013477155357566098,
      "miga_fr_mean": 7.338674678049314,
      "miga_fr_std": 0.032984956416810235,
      "wilcoxon_fr": {
        "Mean": {
          "p": 0.0009765625,
          "miga_wins": true,
          "miga_mean_fr": 7.338674678049314,
          "baseline_fr": 35.33073309407405
        },
        "KNN": {
          "p": 0.0009765625,
          "miga_wins": true,
          "miga_mean_fr": 7.338674678049314,
          "baseline_fr": 8.461196778695015
        },
        "MICE": {
          "p": 0.0009765625,
          "miga_wins": true,
          "miga_mean_fr": 7.338674678049314,
          "baseline_fr": 7.490543552145494
        }
      }
    }
  }
}