{
  "Glass": {
    "dataset": "Glass",
    "n": 214,
    "p": 10,
    "n_seeds": 10,
    "l": 200,
    "G": 300,
    "Q": 3,
    "mar": {
      "baselines": {
        "Mean": {
          "rmse": 0.14778073127236604,
          "mad": 0.10360822698311153,
          "Fr": 241.77278427413944
        },
        "KNN": {
          "rmse": 0.08972590388150575,
          "mad": 0.057903265402611384,
          "Fr": 97.49041318146752
        },
        "MICE": {
          "rmse": 0.07537436952932688,
          "mad": 0.046063506083279554,
          "Fr": 42.98884698237532
        }
      },
      "miga_rmse": [
        0.1568288537882245,
        0.1547583870475375,
        0.16149712901228563,
        0.15845379521774017,
        0.14945083320273897,
        0.1581907106065676,
        0.1576450828067265,
        0.14698549710597375,
        0.15587727961891806,
        0.1493671905706282
      ],
      "miga_fr": [
        77.80194812293014,
        73.4676261299811,
        72.33748670644515,
        71.13845239162664,
        74.02835966302702,
        75.72400432237094,
        78.93624485661392,
        74.67666031767628,
        73.52186111810195,
        68.62873663059695
      ],
      "miga_rmse_mean": 0.1549054758977341,
      "miga_rmse_std": 0.0044961749227054,
      "miga_fr_mean": 74.026138025937,
      "miga_fr_std": 2.8733302853491387,
      "wilcoxon_fr": {
        "Mean": {
          "p": 0.0009765625,
          "miga_wins": true,
          "miga_mean_fr": 74.026138025937,
          "baseline_fr": 241.77278427413944
        },
        "KNN": {
          "p": 0.0009765625,
          "miga_wins": true,
          "miga_mean_fr": 74.026138025937,
          "baseline_fr": 97.49041318146752
        },
        "MICE": {
          "p": 1.0,
          "miga_wins": false,
          "miga_mean_fr": 74.026138025937,
          "baseline_fr": 42.98884698237532
        }
      }
    },
    "top": {
      "baselines": {
        "Mean": {
          "rmse": 0.2540474944564719,
          "mad": 0.2197693480793395,
          "Fr": 860.5357379464549
        },
        "KNN": {
          "rmse": 0.24800567115856048,
          "mad": 0.2055388732940706,
          "Fr": 873.3025359066237
        },
        "MICE": {
          "rmse": 0.14973977617458897,
          "mad": 0.11924028506532551,
          "Fr": 828.8948510943393
        }
      },
      "miga_rmse": [
        0.30710532630639326,
        0.32114744112956983,
        0.3108489569418591,
        0.31790302305336304,
        0.3151472994737028,
        0.3134875678093328,
        0.3127333288978854,
        0.3120879479518896,
        0.31876652016666274,
        0.31246943428822327
      ],
      "miga_fr": [
        895.5670138421285,
        911.6934428617487,
        920.7906212573075,
        892.145506839318,
        914.1402763234072,
        907.288943393045,
        912.2069354208763,
        912.2310401926121,
        901.9343238575602,
        885.8297374264954
      ],
      "miga_rmse_mean": 0.31416968460188816,
      "miga_rmse_std": 0.003942065450438595,
      "miga_fr_mean": 905.3827841414499,
      "miga_fr_std": 10.567918400605096,
      "wilcoxon_fr": {
        "Mean": {
          "p": 1.0,
          "miga_wins": false,
          "miga_mean_fr": 905.3827841414499,
          "baseline_fr": 860.5357379464549
        },
        "KNN": {
          "p": 1.0,
          "miga_wins": false,
          "miga_mean_fr": 905.3827841414499,
          "baseline_fr": 873.3025359066237
        },
        "MICE": {
          "p": 1.0,
          "miga_wins": false,
          "miga_mean_fr": 905.3827841414499,
          "baseline_fr": 828.8948510943393
        }
      }
    },
    "tails": {
      "baselines": {
        "Mean": {
          "rmse": 0.2354313385908428,
          "mad": 0.20335230895668854,
          "Fr": 446.2738798509977
        },
        "KNN": {
          "rmse": 0.2034498916640643,
          "mad": 0.1610376883702132,
          "Fr": 300.8017848755091
        },
        "MICE": {
          "rmse": 0.15906785262661124,
          "mad": 0.10574513072810783,
          "Fr": 92.3102374657936
        }
      },
      "miga_rmse": [
        0.21548827918137117,
        0.22199266691164843,
        0.21538652237159564,
        0.2219987395059735,
        0.21665872479850007,
        0.2222884351176725,
        0.22089357676177418,
        0.21643635994586383,
        0.22004224866583189,
        0.21891110763997074
      ],
      "miga_fr": [
        185.89183818012356,
        189.27254995166518,
        192.69405394325386,
        190.0243557368946,
        191.90202725385706,
        188.72737060539268,
        196.62136220231616,
        188.2827465738574,
        193.20584275547702,
        193.59702301917252
      ],
      "miga_rmse_mean": 0.21900966609002018,
      "miga_rmse_std": 0.0026624125472974954,
      "miga_fr_mean": 191.02191702220102,
      "miga_fr_std": 2.991090859989836,
      "wilcoxon_fr": {
        "Mean": {
          "p": 0.0009765625,
          "miga_wins": true,
          "miga_mean_fr": 191.02191702220102,
          "baseline_fr": 446.2738798509977
        },
        "KNN": {
          "p": 0.0009765625,
          "miga_wins": true,
          "miga_mean_fr": 191.02191702220102,
          "baseline_fr": 300.8017848755091
        },
        "MICE": {
          "p": 1.0,
          "miga_wins": false,
          "miga_mean_fr": 191.02191702220102,
          "baseline_fr": 92.3102374657936
        }
      }
    }
  }
}