{
  "dataset": "Wholesale",
  "p": 0.03125,
  "n": 440,
  "l": 200,
  "G": 300,
  "Q": 3,
  "n_seeds": 5,
  "baselines": {
    "Mean": {
      "rmse": 0.12039598006901753,
      "fr": 13.572656224118655
    },
    "KNN": {
      "rmse": 0.0858894293941978,
      "fr": 13.498644878283798
    },
    "MICE": {
      "rmse": 0.081753032843126,
      "fr": 13.252063958455302
    }
  },
  "miga_rmse": [
    0.153097879009598,
    0.13998073710997017,
    0.1435836200190008,
    0.14049614636949911,
    0.1434212363636953
  ],
  "miga_fr": [
    13.050764843228581,
    13.048256627338533,
    13.050080433848395,
    13.058973290156054,
    13.085013265048142
  ],
  "miga_rmse_mean": 0.1441159237743527,
  "miga_rmse_std": 0.004725336283153061,
  "miga_fr_mean": 13.058617691923942,
  "miga_fr_std": 0.013702236299826276,
  "wilcoxon_vs_mice_fr": {
    "p": 0.03125,
    "miga_wins": true,
    "miga_fr": 13.058617691923942,
    "mice_fr": 13.252063958455302
  }
}