{
  "Iris": {
    "dataset": "Iris",
    "n": 150,
    "p": 4,
    "n_seeds": 10,
    "l": 200,
    "G": 300,
    "Q": 3,
    "mar": {
      "baselines": {
        "Mean": {
          "rmse": 0.2832955748807801,
          "mad": 0.24011059670781895,
          "Fr": 19.453865528011054
        },
        "KNN": {
          "rmse": 0.09414486141291532,
          "mad": 0.07671296296296298,
          "Fr": 1.8441870802438463
        },
        "MICE": {
          "rmse": 0.09324583474782452,
          "mad": 0.07405917710369651,
          "Fr": 1.837853963995157
        }
      },
      "miga_rmse": [
        0.1337364804587406,
        0.12870982232689462,
        0.13605944838057643,
        0.14749702834376874,
        0.1404016783056092,
        0.1294353390924937,
        0.12716559743147188,
        0.14538685643654364,
        0.13644203982055741,
        0.13432456961866535
      ],
      "miga_fr": [
        1.3016764064375752,
        1.1054478097478675,
        1.1110965612006378,
        1.3501100488221214,
        1.222478622271853,
        1.2462910222196173,
        1.0078330191460956,
        1.4016872218496137,
        1.2934917065039073,
        1.1595976663265417
      ],
      "miga_rmse_mean": 0.13591588602153215,
      "miga_rmse_std": 0.006496278995379681,
      "miga_fr_mean": 1.2199710084525832,
      "miga_fr_std": 0.11677059717484824,
      "wilcoxon_fr": {
        "Mean": {
          "p": 0.0009765625,
          "miga_wins": true,
          "miga_mean_fr": 1.2199710084525832,
          "baseline_fr": 19.453865528011054
        },
        "KNN": {
          "p": 0.0009765625,
          "miga_wins": true,
          "miga_mean_fr": 1.2199710084525832,
          "baseline_fr": 1.8441870802438463
        },
        "MICE": {
          "p": 0.0009765625,
          "miga_wins": true,
          "miga_mean_fr": 1.2199710084525832,
          "baseline_fr": 1.837853963995157
        }
      }
    },
    "top": {
      "baselines": {
        "Mean": {
          "rmse": 0.4735524970507464,
          "mad": 0.4554783950617284,
          "Fr": 22.918809094142702
        },
        "KNN": {
          "rmse": 0.2644349549270475,
          "mad": 0.23465277777777777,
          "Fr": 13.759297165591146
        },
        "MICE": {
          "rmse": 0.16843011695181043,
          "mad": 0.14368384484497404,
          "Fr": 6.572629426908477
        }
      },
      "miga_rmse": [
        0.36664286786258415,
        0.356242403879077,
        0.3600044728297501,
        0.35807616893944194,
        0.35977224353460724,
        0.3486114419498637,
        0.35330968185149847,
        0.36528044445860886,
        0.3543749903266773,
        0.3536298250998722
      ],
      "miga_fr": [
        9.360368149308567,
        8.75195955824151,
        8.977167755896629,
        8.993652864439632,
        8.760761194847406,
        8.803667455258346,
        8.938256956141604,
        9.058437280875898,
        8.689753244582988,
        9.021568660559975
      ],
      "miga_rmse_mean": 0.3575944540731981,
      "miga_rmse_std": 0.005279169405357601,
      "miga_fr_mean": 8.935559312015254,
      "miga_fr_std": 0.18712345877702014,
      "wilcoxon_fr": {
        "Mean": {
          "p": 0.0009765625,
          "miga_wins": true,
          "miga_mean_fr": 8.935559312015254,
          "baseline_fr": 22.918809094142702
        },
        "KNN": {
          "p": 0.0009765625,
          "miga_wins": true,
          "miga_mean_fr": 8.935559312015254,
          "baseline_fr": 13.759297165591146
        },
        "MICE": {
          "p": 1.0,
          "miga_wins": false,
          "miga_mean_fr": 8.935559312015254,
          "baseline_fr": 6.572629426908477
        }
      }
    },
    "tails": {
      "baselines": {
        "Mean": {
          "rmse": 0.3771521462823776,
          "mad": 0.36886574074074074,
          "Fr": 35.76715794809934
        },
        "KNN": {
          "rmse": 0.17609876778501832,
          "mad": 0.1524305555555555,
          "Fr": 6.961111714000998
        },
        "MICE": {
          "rmse": 0.15041100828888515,
          "mad": 0.12972190577377876,
          "Fr": 5.866979407709967
        }
      },
      "miga_rmse": [
        0.1420958142430207,
        0.14158223872108894,
        0.14107024504324223,
        0.14044835169277198,
        0.13951557702516917,
        0.138157906263397,
        0.14090821270644924,
        0.14131216684271125,
        0.14203950219618114,
        0.14007501184052742
      ],
      "miga_fr": [
        5.759864010127747,
        5.681212167286658,
        5.648413563864066,
        5.679111379472701,
        5.687672681967883,
        5.6798748751401344,
        5.710986579410331,
        5.6807781871941545,
        5.71448748856785,
        5.699546099397603
      ],
      "miga_rmse_mean": 0.1407205026574559,
      "miga_rmse_std": 0.0011571915438438462,
      "miga_fr_mean": 5.694194703242912,
      "miga_fr_std": 0.028203585426208475,
      "wilcoxon_fr": {
        "Mean": {
          "p": 0.0009765625,
          "miga_wins": true,
          "miga_mean_fr": 5.694194703242912,
          "baseline_fr": 35.76715794809934
        },
        "KNN": {
          "p": 0.0009765625,
          "miga_wins": true,
          "miga_mean_fr": 5.694194703242912,
          "baseline_fr": 6.961111714000998
        },
        "MICE": {
          "p": 0.0009765625,
          "miga_wins": true,
          "miga_mean_fr": 5.694194703242912,
          "baseline_fr": 5.866979407709967
        }
      }
    }
  }
}