{
  "Glass": {
    "dataset": "Glass",
    "n": 214,
    "p": 10,
    "n_seeds": 10,
    "l": 200,
    "G": 300,
    "Q": 3,
    "mar": {
      "baselines": {
        "Mean": {
          "rmse": 0.14863743738029667,
          "mad": 0.10020053894733336,
          "Fr": 364.8304810994576
        },
        "KNN": {
          "rmse": 0.10457505166787447,
          "mad": 0.06206525544409749,
          "Fr": 218.502799769027
        },
        "MICE": {
          "rmse": 0.07660142720342553,
          "mad": 0.04305956831399744,
          "Fr": 29.650256860299336
        }
      },
      "miga_rmse": [
        0.14322375417554128,
        0.14302190712778762,
        0.13871841382224911,
        0.1409032217842046,
        0.1482130597591456,
        0.14629139931238408,
        0.1342139545726005,
        0.14155738669534243,
        0.14566094550194875,
        0.16377108034406446
      ],
      "miga_fr": [
        60.54028023816409,
        75.34046710765259,
        70.60537727105284,
        76.39292277069318,
        85.83489095569385,
        73.87308779035358,
        65.42211106189836,
        84.38844825811059,
        68.2960109690315,
        92.29032071238362
      ],
      "miga_rmse_mean": 0.14455751230952685,
      "miga_rmse_std": 0.007445293798788571,
      "miga_fr_mean": 75.29839171350342,
      "miga_fr_std": 9.338117313947842,
      "wilcoxon_fr": {
        "Mean": {
          "p": 0.0009765625,
          "miga_wins": true,
          "miga_mean_fr": 75.29839171350342,
          "baseline_fr": 364.8304810994576
        },
        "KNN": {
          "p": 0.0009765625,
          "miga_wins": true,
          "miga_mean_fr": 75.29839171350342,
          "baseline_fr": 218.502799769027
        },
        "MICE": {
          "p": 1.0,
          "miga_wins": false,
          "miga_mean_fr": 75.29839171350342,
          "baseline_fr": 29.650256860299336
        }
      }
    },
    "top": {
      "baselines": {
        "Mean": {
          "rmse": 0.23389489418482787,
          "mad": 0.19639901784871405,
          "Fr": 1744.6081021337534
        },
        "KNN": {
          "rmse": 0.2378711258535331,
          "mad": 0.1918957178386246,
          "Fr": 1762.3265160161382
        },
        "MICE": {
          "rmse": 0.21896863718806517,
          "mad": 0.17538932459516485,
          "Fr": 1770.2657028331614
        }
      },
      "miga_rmse": [
        0.27736532544376685,
        0.28100108210201863,
        0.27673236241334803,
        0.28085337174444375,
        0.2782426866084517,
        0.28081005410488097,
        0.2758518733917798,
        0.28111604037413873,
        0.2708056089978676,
        0.27696447034180394
      ],
      "miga_fr": [
        1775.5983218291794,
        1778.5312967554814,
        1785.8794079143588,
        1782.4412840123948,
        1780.1322766423773,
        1767.91062965401,
        1772.717283562997,
        1788.4777171377993,
        1774.498372372747,
        1784.0747872700924
      ],
      "miga_rmse_mean": 0.27797428755224995,
      "miga_rmse_std": 0.0030702177382692236,
      "miga_fr_mean": 1779.0261377151442,
      "miga_fr_std": 6.087092116785258,
      "wilcoxon_fr": {
        "Mean": {
          "p": 1.0,
          "miga_wins": false,
          "miga_mean_fr": 1779.0261377151442,
          "baseline_fr": 1744.6081021337534
        },
        "KNN": {
          "p": 1.0,
          "miga_wins": false,
          "miga_mean_fr": 1779.0261377151442,
          "baseline_fr": 1762.3265160161382
        },
        "MICE": {
          "p": 0.9990234375,
          "miga_wins": false,
          "miga_mean_fr": 1779.0261377151442,
          "baseline_fr": 1770.2657028331614
        }
      }
    },
    "tails": {
      "baselines": {
        "Mean": {
          "rmse": 0.21018422368762718,
          "mad": 0.17602021332488665,
          "Fr": 407.95632052229956
        },
        "KNN": {
          "rmse": 0.1928364194929112,
          "mad": 0.15146255660469787,
          "Fr": 324.3664028752233
        },
        "MICE": {
          "rmse": 0.1799717678709148,
          "mad": 0.1465623129836527,
          "Fr": 275.24054359687847
        }
      },
      "miga_rmse": [
        0.19999173333167394,
        0.19979497297299942,
        0.1984756665114339,
        0.1990011290300932,
        0.19741549362045546,
        0.1991999451408584,
        0.199808343334669,
        0.19914246267105037,
        0.19847814527876312,
        0.20014893743884044
      ],
      "miga_fr": [
        256.0006713673746,
        265.1660807356208,
        256.3980713589158,
        259.7414271310603,
        261.7925404026529,
        260.2750653549422,
        259.9573061614894,
        267.071802020092,
        258.7103025211428,
        258.19771834990667
      ],
      "miga_rmse_mean": 0.1991456829330837,
      "miga_rmse_std": 0.0008059126140555175,
      "miga_fr_mean": 260.3310985403197,
      "miga_fr_std": 3.359168267023488,
      "wilcoxon_fr": {
        "Mean": {
          "p": 0.0009765625,
          "miga_wins": true,
          "miga_mean_fr": 260.3310985403197,
          "baseline_fr": 407.95632052229956
        },
        "KNN": {
          "p": 0.0009765625,
          "miga_wins": true,
          "miga_mean_fr": 260.3310985403197,
          "baseline_fr": 324.3664028752233
        },
        "MICE": {
          "p": 0.0009765625,
          "miga_wins": true,
          "miga_mean_fr": 260.3310985403197,
          "baseline_fr": 275.24054359687847
        }
      }
    }
  }
}