{
  "Haberman": {
    "dataset": "Haberman",
    "n": 306,
    "p": 3,
    "n_seeds": 10,
    "l": 200,
    "G": 300,
    "Q": 3,
    "mar": {
      "baselines": {
        "Mean": {
          "rmse": 0.19786578313550912,
          "mad": 0.165139727538025,
          "Fr": 2.199269915499083
        },
        "KNN": {
          "rmse": 0.21616449559818363,
          "mad": 0.1726569749458707,
          "Fr": 1.5136532705608687
        },
        "MICE": {
          "rmse": 0.19783172149814293,
          "mad": 0.1651335773586809,
          "Fr": 4.249545836371582
        }
      },
      "miga_rmse": [
        0.28905815435860954,
        0.27538948559026805,
        0.3074324379573461,
        0.2852525526375179,
        0.2915809719457628,
        0.3024758404128566,
        0.30010298846764505,
        0.3180642608483834,
        0.28180479882234694,
        0.289643068362636
      ],
      "miga_fr": [
        0.5934373848956724,
        0.5932922032720405,
        0.5932867803925261,
        0.5933003904504255,
        0.5933041642218535,
        0.5932896105687988,
        0.5933865241606893,
        0.5932902629969612,
        0.5933928493588727,
        0.5933116087970702
      ],
      "miga_rmse_mean": 0.2940804559403372,
      "miga_rmse_std": 0.012204052806731468,
      "miga_fr_mean": 0.5933291779114911,
      "miga_fr_std": 5.201835450809588e-05,
      "wilcoxon_fr": {
        "Mean": {
          "p": 0.0009765625,
          "miga_wins": true,
          "miga_mean_fr": 0.5933291779114911,
          "baseline_fr": 2.199269915499083
        },
        "KNN": {
          "p": 0.0009765625,
          "miga_wins": true,
          "miga_mean_fr": 0.5933291779114911,
          "baseline_fr": 1.5136532705608687
        },
        "MICE": {
          "p": 0.0009765625,
          "miga_wins": true,
          "miga_mean_fr": 0.5933291779114911,
          "baseline_fr": 4.249545836371582
        }
      }
    },
    "top": {
      "baselines": {
        "Mean": {
          "rmse": 0.357142160536543,
          "mad": 0.33954867601769795,
          "Fr": 1.8493400733229355
        },
        "KNN": {
          "rmse": 0.3928943898204545,
          "mad": 0.36854314877822447,
          "Fr": 1.6499874695579884
        },
        "MICE": {
          "rmse": 0.3571604329926902,
          "mad": 0.33956258852647514,
          "Fr": 3.9438670059771845
        }
      },
      "miga_rmse": [
        0.35137084877266256,
        0.3755291259490966,
        0.3597419025376595,
        0.3547059576703858,
        0.35946600813652524,
        0.36187295224832,
        0.3694184774710155,
        0.3803239496280441,
        0.3644201681516799,
        0.3604671444403279
      ],
      "miga_fr": [
        1.0572135522743231,
        1.0571791637746337,
        1.0571786417669409,
        1.057197547602057,
        1.0571800592927203,
        1.0571981834239728,
        1.0571973956932736,
        1.0571923168359953,
        1.0571869580117452,
        1.0571884557062188
      ],
      "miga_rmse_mean": 0.36373165350057174,
      "miga_rmse_std": 0.008542698507257451,
      "miga_fr_mean": 1.0571912274381883,
      "miga_fr_std": 1.0394862908915364e-05,
      "wilcoxon_fr": {
        "Mean": {
          "p": 0.0009765625,
          "miga_wins": true,
          "miga_mean_fr": 1.0571912274381883,
          "baseline_fr": 1.8493400733229355
        },
        "KNN": {
          "p": 0.0009765625,
          "miga_wins": true,
          "miga_mean_fr": 1.0571912274381883,
          "baseline_fr": 1.6499874695579884
        },
        "MICE": {
          "p": 0.0009765625,
          "miga_wins": true,
          "miga_mean_fr": 1.0571912274381883,
          "baseline_fr": 3.9438670059771845
        }
      }
    },
    "tails": {
      "baselines": {
        "Mean": {
          "rmse": 0.2957098486933819,
          "mad": 0.28611197030621704,
          "Fr": 1.8562006078792883
        },
        "KNN": {
          "rmse": 0.3069616745711074,
          "mad": 0.29050417568821524,
          "Fr": 1.5178794654250836
        },
        "MICE": {
          "rmse": 0.29570610779927275,
          "mad": 0.286109668763121,
          "Fr": 3.523542195125458
        }
      },
      "miga_rmse": [
        0.32549579204067597,
        0.32245596037861735,
        0.32068647952310697,
        0.324952965952453,
        0.33171183306735996,
        0.3325728075706266,
        0.3135040465268672,
        0.31377385552875264,
        0.3224378611441858,
        0.33030133732725303
      ],
      "miga_fr": [
        1.1934855720322202,
        1.193513886941906,
        1.1935204407966056,
        1.193505856689705,
        1.1935162766896459,
        1.1935130068377626,
        1.1935071282481944,
        1.1935261043964913,
        1.193500170279738,
        1.1935071482555064
      ],
      "miga_rmse_mean": 0.3237892939059898,
      "miga_rmse_std": 0.006371158784190134,
      "miga_fr_mean": 1.1935095591167777,
      "miga_fr_std": 1.075574125359274e-05,
      "wilcoxon_fr": {
        "Mean": {
          "p": 0.0009765625,
          "miga_wins": true,
          "miga_mean_fr": 1.1935095591167777,
          "baseline_fr": 1.8562006078792883
        },
        "KNN": {
          "p": 0.0009765625,
          "miga_wins": true,
          "miga_mean_fr": 1.1935095591167777,
          "baseline_fr": 1.5178794654250836
        },
        "MICE": {
          "p": 0.0009765625,
          "miga_wins": true,
          "miga_mean_fr": 1.1935095591167777,
          "baseline_fr": 3.523542195125458
        }
      }
    }
  }
}