{
  "Haberman": {
    "dataset": "Haberman",
    "n": 306,
    "p": 3,
    "n_seeds": 10,
    "l": 200,
    "G": 300,
    "Q": 3,
    "mar": {
      "baselines": {
        "Mean": {
          "rmse": 0.19194815997999765,
          "mad": 0.15846348404943428,
          "Fr": 2.3192470046136475
        },
        "KNN": {
          "rmse": 0.229177053689186,
          "mad": 0.1830065359477124,
          "Fr": 1.2390936849237852
        },
        "MICE": {
          "rmse": 0.19193989895128233,
          "mad": 0.15846015987282888,
          "Fr": 3.8859864333837697
        }
      },
      "miga_rmse": [
        0.27444572667124384,
        0.2978206869094608,
        0.29447366284333104,
        0.3064232467005758,
        0.30179814335355576,
        0.28265278251292325,
        0.2888896585177666,
        0.283921772639128,
        0.30211022684776717,
        0.30516395472687924
      ],
      "miga_fr": [
        0.6485028985830864,
        0.6484929858615053,
        0.6485158308171352,
        0.6484958743506707,
        0.648480026712626,
        0.6485012903840778,
        0.6484934677099524,
        0.6485088217548939,
        0.6485067208336616,
        0.6484954396853319
      ],
      "miga_rmse_mean": 0.29376998617226313,
      "miga_rmse_std": 0.010289149193538752,
      "miga_fr_mean": 0.6484993356692941,
      "miga_fr_std": 9.528273036947123e-06,
      "wilcoxon_fr": {
        "Mean": {
          "p": 0.0009765625,
          "miga_wins": true,
          "miga_mean_fr": 0.6484993356692941,
          "baseline_fr": 2.3192470046136475
        },
        "KNN": {
          "p": 0.0009765625,
          "miga_wins": true,
          "miga_mean_fr": 0.6484993356692941,
          "baseline_fr": 1.2390936849237852
        },
        "MICE": {
          "p": 0.0009765625,
          "miga_wins": true,
          "miga_mean_fr": 0.6484993356692941,
          "baseline_fr": 3.8859864333837697
        }
      }
    },
    "top": {
      "baselines": {
        "Mean": {
          "rmse": 0.3562593061561504,
          "mad": 0.33419657171044526,
          "Fr": 1.8962536510618782
        },
        "KNN": {
          "rmse": 0.3803971870094874,
          "mad": 0.35456899741028486,
          "Fr": 1.7296628717110347
        },
        "MICE": {
          "rmse": 0.3562443771539418,
          "mad": 0.3341945246214091,
          "Fr": 3.1732936172875585
        }
      },
      "miga_rmse": [
        0.3789214150007102,
        0.3723024209194093,
        0.38076218087055347,
        0.37085906125950197,
        0.37153604070564705,
        0.3830590510514866,
        0.3797984993869545,
        0.38262449725186753,
        0.38258192699622634,
        0.3829193183176527
      ],
      "miga_fr": [
        1.1114432297034682,
        1.1114287089782202,
        1.1113816388433722,
        1.1113899131664624,
        1.1114173716835403,
        1.1114213170377398,
        1.1113925964666636,
        1.1114608004107582,
        1.1114337843673117,
        1.1114105638636622
      ],
      "miga_rmse_mean": 0.37853644117600094,
      "miga_rmse_std": 0.004756547705787983,
      "miga_fr_mean": 1.1114179924521201,
      "miga_fr_std": 2.3780828569347244e-05,
      "wilcoxon_fr": {
        "Mean": {
          "p": 0.0009765625,
          "miga_wins": true,
          "miga_mean_fr": 1.1114179924521201,
          "baseline_fr": 1.8962536510618782
        },
        "KNN": {
          "p": 0.0009765625,
          "miga_wins": true,
          "miga_mean_fr": 1.1114179924521201,
          "baseline_fr": 1.7296628717110347
        },
        "MICE": {
          "p": 0.0009765625,
          "miga_wins": true,
          "miga_mean_fr": 1.1114179924521201,
          "baseline_fr": 3.1732936172875585
        }
      }
    },
    "tails": {
      "baselines": {
        "Mean": {
          "rmse": 0.27589370991995876,
          "mad": 0.2637785501489573,
          "Fr": 2.1061337447907023
        },
        "KNN": {
          "rmse": 0.28441265538479293,
          "mad": 0.2689175769612711,
          "Fr": 1.44160734041293
        },
        "MICE": {
          "rmse": 0.27594612449790856,
          "mad": 0.26382789920399496,
          "Fr": 4.3465946172139835
        }
      },
      "miga_rmse": [
        0.2888711384595458,
        0.29500837505724953,
        0.28769718267880956,
        0.28591287661682524,
        0.3002414509923116,
        0.2981906615658963,
        0.28692276086312357,
        0.30031554857511017,
        0.2927449929301729,
        0.30303282964443207
      ],
      "miga_fr": [
        0.6836496997792474,
        0.6837064502747894,
        0.6836837689724284,
        0.6837028974689567,
        0.6836921124667334,
        0.6836733653252589,
        0.683674177234002,
        0.6836392610588712,
        0.6836539556877683,
        0.6836554687720406
      ],
      "miga_rmse_mean": 0.2938937817383477,
      "miga_rmse_std": 0.006016595093158628,
      "miga_fr_mean": 0.6836731157040097,
      "miga_fr_std": 2.2015150172829628e-05,
      "wilcoxon_fr": {
        "Mean": {
          "p": 0.0009765625,
          "miga_wins": true,
          "miga_mean_fr": 0.6836731157040097,
          "baseline_fr": 2.1061337447907023
        },
        "KNN": {
          "p": 0.0009765625,
          "miga_wins": true,
          "miga_mean_fr": 0.6836731157040097,
          "baseline_fr": 1.44160734041293
        },
        "MICE": {
          "p": 0.0009765625,
          "miga_wins": true,
          "miga_mean_fr": 0.6836731157040097,
          "baseline_fr": 4.3465946172139835
        }
      }
    }
  }
}