{
  "Glass": {
    "n": 214,
    "p": 10,
    "pct": 50,
    "cols": [
      "RI",
      "Na",
      "Mg",
      "Al",
      "Si",
      "K",
      "Ca",
      "Ba",
      "Fe",
      "Type"
    ],
    "miss_cols": [
      "RI",
      "Na",
      "Al",
      "Ca"
    ],
    "true_var": {
      "RI": 9.222541371594076e-06,
      "Na": 0.6668413672063533,
      "Al": 0.24927017901803336,
      "Ca": 2.0253658483611954
    },
    "Mean": {
      "ratios": {
        "RI": 0.6451234603258861,
        "Na": 0.534938415769631,
        "Al": 0.3883954750339444,
        "Ca": 0.664501999091183
      },
      "mean_ratio": 0.5582398375551612
    },
    "KNN": {
      "ratios": {
        "RI": 0.8399108876626014,
        "Na": 0.7891542324278115,
        "Al": 0.6793140475297231,
        "Ca": 0.7761742446599145
      },
      "mean_ratio": 0.7711383530700127
    },
    "MICE": {
      "ratios": {
        "RI": 0.9299239782827623,
        "Na": 0.9840863094445084,
        "Al": 0.6901161966894579,
        "Ca": 0.906344972322483
      },
      "mean_ratio": 0.8776178641848029
    },
    "MIGA": {
      "ratios": {
        "RI": 1.4266303651306182,
        "Na": 1.0497703885889693,
        "Al": 0.8168377954358675,
        "Ca": 0.9834677387125678
      },
      "mean_ratio": 1.0691765719670057
    }
  }
}