{
  "Haberman": {
    "n": 306,
    "p": 3,
    "pct": 50,
    "cols": [
      "Age",
      "OpYear",
      "Nodes"
    ],
    "miss_cols": [
      "Age"
    ],
    "true_var": {
      "Age": 116.71458266366656
    },
    "Mean": {
      "ratios": {
        "Age": 0.5557656808444932
      },
      "mean_ratio": 0.5557656808444932
    },
    "KNN": {
      "ratios": {
        "Age": 0.7222176500591391
      },
      "mean_ratio": 0.7222176500591391
    },
    "MICE": {
      "ratios": {
        "Age": 0.5557657223560066
      },
      "mean_ratio": 0.5557657223560066
    },
    "MIGA": {
      "ratios": {
        "Age": 1.2591931751958971
      },
      "mean_ratio": 1.2591931751958971
    }
  }
}