{
  "Glass": {
    "n": 214,
    "p": 10,
    "pct": 40,
    "cols": [
      "RI",
      "Na",
      "Mg",
      "Al",
      "Si",
      "K",
      "Ca",
      "Ba",
      "Fe",
      "Type"
    ],
    "miss_cols": [
      "RI",
      "Na",
      "Al",
      "Ca"
    ],
    "true_var": {
      "RI": 9.222541371594076e-06,
      "Na": 0.6668413672063533,
      "Al": 0.24927017901803336,
      "Ca": 2.0253658483611954
    },
    "Mean": {
      "ratios": {
        "RI": 0.6065226644880474,
        "Na": 0.5191603444565298,
        "Al": 0.523500488345896,
        "Ca": 0.4183286128780397
      },
      "mean_ratio": 0.5168780275421282
    },
    "KNN": {
      "ratios": {
        "RI": 0.7836072089432445,
        "Na": 0.7004451622707586,
        "Al": 0.8145479783450673,
        "Ca": 0.5954778568723631
      },
      "mean_ratio": 0.7235195516078584
    },
    "MICE": {
      "ratios": {
        "RI": 0.9254384510917205,
        "Na": 0.8030590141793029,
        "Al": 0.7328879211732852,
        "Ca": 0.9466598744849618
      },
      "mean_ratio": 0.8520113152323175
    },
    "MIGA": {
      "ratios": {
        "RI": 0.9627992206271129,
        "Na": 0.8367382317399306,
        "Al": 0.8904935616838638,
        "Ca": 0.7956449924682324
      },
      "mean_ratio": 0.8714190016297849
    }
  }
}