{
  "Haberman": {
    "n": 306,
    "p": 3,
    "pct": 40,
    "cols": [
      "Age",
      "OpYear",
      "Nodes"
    ],
    "miss_cols": [
      "Age"
    ],
    "true_var": {
      "Age": 116.71458266366656
    },
    "Mean": {
      "ratios": {
        "Age": 0.6235213810934401
      },
      "mean_ratio": 0.6235213810934401
    },
    "KNN": {
      "ratios": {
        "Age": 0.7200544644748926
      },
      "mean_ratio": 0.7200544644748926
    },
    "MICE": {
      "ratios": {
        "Age": 0.6235228599701105
      },
      "mean_ratio": 0.6235228599701105
    },
    "MIGA": {
      "ratios": {
        "Age": 1.0801589318323779
      },
      "mean_ratio": 1.0801589318323779
    }
  }
}