{
  "Glass": {
    "dataset": "Glass",
    "n": 214,
    "p": 10,
    "n_seeds": 10,
    "l": 200,
    "G": 300,
    "Q": 3,
    "r": "2",
    "kurt_A": [
      1.2385617976989156,
      -0.04649198159935519,
      2.5596182991430805,
      4.51072095618389,
      0.21223891307678322,
      0.35006518242422313,
      2.7724466600470965,
      21.40251176639783,
      0.21695898443900719,
      2.8318347853529344
    ],
    "baselines": {
      "Mean": {
        "rmse": 0.14778073127236604,
        "Fr": 241.77278427413944,
        "Fr+": 288.9762852615985,
        "d_kurt": 47.20350098745902,
        "kurt_C": [
          11.193075013602167,
          8.08521126242393,
          -0.8332539439237383,
          5.644641623604073,
          2.682380641145028,
          43.61913613323702,
          6.868581780650253,
          10.063688402408939,
          3.940112120916286,
          -0.722459481300116
        ]
      },
      "KNN": {
        "rmse": 0.08972590388150575,
        "Fr": 97.49041318146752,
        "Fr+": 143.3013114590638,
        "d_kurt": 45.8108982775963,
        "kurt_C": [
          6.515742603411537,
          4.343564683529297,
          -0.8332539439237383,
          2.0235720545285787,
          2.682380641145028,
          43.61913613323702,
          3.437112824144357,
          10.063688402408939,
          3.940112120916286,
          -0.722459481300116
        ]
      },
      "MICE": {
        "rmse": 0.07537436952932688,
        "Fr": 42.98884698237532,
        "Fr+": 88.5858824268373,
        "d_kurt": 45.59703544446198,
        "kurt_C": [
          5.081768440372279,
          3.4265111237440085,
          -0.8332539439237383,
          2.2699429539689087,
          2.682380641145028,
          43.61913613323702,
          4.304468836109054,
          10.063688402408939,
          3.940112120916286,
          -0.722459481300116
        ]
      }
    },
    "miga_fr": {
      "rmse": [
        0.11419565599945977,
        0.11420709110401435,
        0.1115925842349351,
        0.11676904284797181,
        0.11046090534644262,
        0.11353152537677316,
        0.11079195998249435,
        0.10896222147116838,
        0.11269399870719145,
        0.11632749113970826
      ],
      "fr": [
        48.92001069073444,
        44.535574543207765,
        44.81464429628247,
        43.93179491894431,
        45.982777201103445,
        45.443789650012995,
        44.06566729625239,
        44.05262310697358,
        47.06804025672057,
        52.84709060728508
      ],
      "frplus": [
        94.71641945577969,
        90.23602572138304,
        90.53877054433345,
        89.65662612634438,
        91.79183438053553,
        91.23847320863757,
        89.9202730262729,
        89.90548874630565,
        92.98405162120733,
        98.81316631458537
      ],
      "dkurt": [
        45.79640876504524,
        45.700451178175285,
        45.72412624805098,
        45.72483120740006,
        45.809057179432095,
        45.79468355862458,
        45.85460573002051,
        45.852865639332066,
        45.916011364486764,
        45.966075707300284
      ],
      "rmse_mean": 0.11295324762101593,
      "fr_mean": 46.1662012567517,
      "frplus_mean": 91.9801129145385,
      "dkurt_mean": 45.81391165778678
    },
    "miga_frplus": {
      "rmse": [
        0.11822974508466069,
        0.12450328672987945,
        0.11049828664251926,
        0.10501995249038407,
        0.11921839427826543,
        0.11485312486222479,
        0.11663816895432988,
        0.10728780564217423,
        0.12832143419716283,
        0.1225550502558318
      ],
      "fr": [
        44.91714540533277,
        47.2112985339902,
        46.10751591521579,
        46.17868458257974,
        45.53417206728298,
        47.747363794520446,
        45.558385757512845,
        43.87440767760865,
        51.804106073247624,
        47.94306180989979
      ],
      "frplus": [
        90.54186805390154,
        92.81682265519738,
        91.86909182663155,
        91.84373440997078,
        91.19320051151692,
        93.37974958475431,
        91.27104308518308,
        89.49548793389874,
        97.46620296189336,
        93.6405278302532
      ],
      "dkurt": [
        45.62472264856878,
        45.60552412120718,
        45.76157591141575,
        45.66504982739103,
        45.65902844423393,
        45.63238579023387,
        45.712657327670236,
        45.621080256290085,
        45.662096888645735,
        45.69746602035341
      ],
      "rmse_mean": 0.11671252491374325,
      "fr_mean": 46.68761416171908,
      "frplus_mean": 92.35177288532007,
      "dkurt_mean": 45.664158723601005
    }
  }
}