{
  "Haberman": {
    "dataset": "Haberman",
    "n": 306,
    "p": 3,
    "n_seeds": 10,
    "l": 200,
    "G": 300,
    "Q": 3,
    "r": "inf",
    "kurt_A": [
      -0.4935799845633304,
      -1.1901314499434823,
      5.731994781479024
    ],
    "baselines": {
      "Mean": {
        "rmse": 0.19973996048499634,
        "Fr": 3.732767969675697,
        "Fr+": 5.58646436765982,
        "d_kurt": 1.8536963979841232,
        "kurt_C": [
          -2.044943820224719,
          -1.001988760148023,
          7.585691179463147
        ]
      },
      "KNN": {
        "rmse": 0.21501372926405674,
        "Fr": 2.8156480171232516,
        "Fr+": 4.669344415107375,
        "d_kurt": 1.8536963979841232,
        "kurt_C": [
          0.9502652239815621,
          -1.001988760148023,
          7.585691179463147
        ]
      },
      "MICE": {
        "rmse": 0.20105822617059474,
        "Fr": 5.0653772794005425,
        "Fr+": 12.848289109483751,
        "d_kurt": 7.78291183008321,
        "kurt_C": [
          7.289331845519879,
          -1.001988760148023,
          7.585691179463147
        ]
      }
    },
    "miga_fr": {
      "rmse": [
        0.3734311630019833,
        0.4047053641981961,
        0.38269908293421767,
        0.3908677049882636,
        0.40743549650386585,
        0.393919806675613,
        0.40015726628104425,
        0.3998283486388296,
        0.39181694240131726,
        0.40499688189526256
      ],
      "fr": [
        2.593110110942306,
        2.57847121699365,
        2.593176416281815,
        2.5894681937638477,
        2.582775581965425,
        2.5877277339436233,
        2.5861187504002507,
        2.5821260610821537,
        2.5768711493576926,
        2.580543879152894
      ],
      "frplus": [
        4.446806508926429,
        4.432167614977773,
        4.446872814265938,
        4.443164591747971,
        4.436471979949548,
        4.4414241319277465,
        4.439815148384374,
        4.4358224590662765,
        4.430567547341816,
        4.434240277137017
      ],
      "dkurt": [
        1.8536963979841232,
        1.8536963979841232,
        1.8536963979841232,
        1.8536963979841232,
        1.8536963979841232,
        1.8536963979841232,
        1.8536963979841232,
        1.8536963979841232,
        1.8536963979841232,
        1.8536963979841232
      ],
      "rmse_mean": 0.3949858057518594,
      "fr_mean": 2.585038909388366,
      "frplus_mean": 4.438735307372489,
      "dkurt_mean": 1.8536963979841232
    },
    "miga_frplus": {
      "rmse": [
        0.40285578761073576,
        0.39512131526589966,
        0.3808035930453299,
        0.40234157601392956,
        0.40382475736237755,
        0.3927047686313114,
        0.4098832041283397,
        0.4046862409470301,
        0.394415565888329,
        0.4037624679340238
      ],
      "fr": [
        2.5848424243963604,
        2.5771211352694707,
        2.5832302938879725,
        2.584829108075764,
        2.5895150459699323,
        2.5794764017613985,
        2.576510109506213,
        2.578633285601911,
        2.581376007514833,
        2.579674525611281
      ],
      "frplus": [
        4.438538822380483,
        4.4308175332535935,
        4.436926691872095,
        4.438525506059888,
        4.4432114439540555,
        4.433172799745522,
        4.430206507490336,
        4.432329683586034,
        4.435072405498956,
        4.433370923595405
      ],
      "dkurt": [
        1.8536963979841232,
        1.8536963979841232,
        1.8536963979841232,
        1.8536963979841232,
        1.8536963979841232,
        1.8536963979841232,
        1.8536963979841232,
        1.8536963979841232,
        1.8536963979841232,
        1.8536963979841232
      ],
      "rmse_mean": 0.39903992768273067,
      "fr_mean": 2.5815208337595137,
      "frplus_mean": 4.435217231743637,
      "dkurt_mean": 1.8536963979841232
    }
  }
}