{
  "Glass": {
    "dataset": "Glass",
    "n": 214,
    "p": 10,
    "n_seeds": 10,
    "l": 200,
    "G": 300,
    "Q": 3,
    "r": "2",
    "kurt_A": [
      -0.38343618837771176,
      0.8171806721214172,
      -0.6360072372119228,
      2.0471606406460374,
      -1.0967257564717094,
      -1.7070287944387865,
      2.287763312034997,
      6.151016797808454,
      1.4378871183826938,
      -1.322320352752319
    ],
    "baselines": {
      "Mean": {
        "rmse": 0.14863743738029667,
        "Fr": 364.8304810994576,
        "Fr+": 420.04585230502124,
        "d_kurt": 55.215371205563635,
        "kurt_C": [
          13.466971563775303,
          3.231229648693464,
          -0.3573142656193182,
          5.0861636093326155,
          2.6477256387818393,
          49.775239972613086,
          13.350301045179542,
          13.362771845784572,
          2.5664104154014433,
          -0.035871467508374
        ]
      },
      "KNN": {
        "rmse": 0.10457505166787447,
        "Fr": 218.502799769027,
        "Fr+": 271.2382351578696,
        "d_kurt": 52.7354353888426,
        "kurt_C": [
          6.909396802049349,
          0.6701895810326022,
          -0.3573142656193182,
          1.3588617489279784,
          2.6477256387818393,
          49.775239972613086,
          5.095762780387503,
          13.362771845784572,
          2.5664104154014433,
          -0.035871467508374
        ]
      },
      "MICE": {
        "rmse": 0.07660142720342553,
        "Fr": 29.650256860299336,
        "Fr+": 82.29507983455656,
        "d_kurt": 52.644822974257224,
        "kurt_C": [
          5.696526925011668,
          1.3723540734399355,
          -0.3573142656193182,
          1.807309437013128,
          2.6477256387818393,
          49.775239972613086,
          6.119887861188676,
          13.362771845784572,
          2.5664104154014433,
          -0.035871467508374
        ]
      }
    },
    "miga_fr": {
      "rmse": [
        0.13456128798176226,
        0.13608388277273226,
        0.138948193161398,
        0.13613902492288368,
        0.12961420849217495,
        0.12000910245123625,
        0.1312713140456212,
        0.13889915793357152,
        0.13335238563327018,
        0.1316172806014549
      ],
      "fr": [
        63.23470208699502,
        60.370333694119054,
        60.07860424382997,
        70.64402781138712,
        56.3891232248739,
        56.17090619985009,
        57.81158589430128,
        55.150516104573256,
        61.85892204222033,
        64.8686845877854
      ],
      "frplus": [
        115.888366793458,
        112.95714489245714,
        112.74533416876717,
        123.75094879665718,
        109.07103062830666,
        109.0103558649746,
        110.75447583436392,
        107.94803066377497,
        114.71158977089266,
        117.61317639375004
      ],
      "dkurt": [
        52.65366470646298,
        52.58681119833808,
        52.6667299249372,
        53.10692098527007,
        52.68190740343277,
        52.83944966512451,
        52.94288994006264,
        52.797514559201716,
        52.85266772867234,
        52.74449180596464
      ],
      "rmse_mean": 0.1330495837996105,
      "fr_mean": 60.65774058899355,
      "frplus_mean": 113.44504538074025,
      "dkurt_mean": 52.78730479174669
    },
    "miga_frplus": {
      "rmse": [
        0.14530429615739573,
        0.131349602871977,
        0.1413424316358206,
        0.14441136162633122,
        0.12461026772820552,
        0.12882524322013142,
        0.12524617635646285,
        0.1340579890360996,
        0.12840726234535746,
        0.1288582238112567
      ],
      "fr": [
        79.64087118534052,
        68.66463517319414,
        51.84799195513943,
        67.74657947205287,
        73.18631367119532,
        69.55069632058145,
        46.25601253539439,
        69.47981117873033,
        57.50638983216076,
        65.25510025420178
      ],
      "frplus": [
        132.22046965541102,
        121.43390694416269,
        104.44824200660284,
        120.28502402624869,
        125.83096094152947,
        122.26630643927254,
        98.81290231226706,
        122.11229277255183,
        110.22903819466393,
        117.86321977166821
      ],
      "dkurt": [
        52.57959847007049,
        52.76927177096855,
        52.60025005146341,
        52.53844455419582,
        52.644647270334154,
        52.71561011869109,
        52.556889776872666,
        52.632481593821495,
        52.72264836250317,
        52.60811951746643
      ],
      "rmse_mean": 0.13324128547890382,
      "fr_mean": 64.9134401577991,
      "frplus_mean": 117.55023630643782,
      "dkurt_mean": 52.63679614863872
    }
  }
}