{
  "Haberman": {
    "dataset": "Haberman",
    "n": 306,
    "p": 3,
    "n_seeds": 10,
    "l": 200,
    "G": 300,
    "Q": 3,
    "r": "inf",
    "kurt_A": [
      -0.5178076492128794,
      -1.0937451439631993,
      10.789554899317482
    ],
    "baselines": {
      "Mean": {
        "rmse": 0.19786578313550912,
        "Fr": 2.199269915499083,
        "Fr+": 3.9961397615709364,
        "d_kurt": 1.7968698460718535,
        "kurt_C": [
          -2.033613445378151,
          -1.1097336575938297,
          12.586424745389335
        ]
      },
      "KNN": {
        "rmse": 0.21616449559818363,
        "Fr": 1.5136532705608687,
        "Fr+": 3.310523116632722,
        "d_kurt": 1.7968698460718535,
        "kurt_C": [
          0.11179347366778591,
          -1.1097336575938297,
          12.586424745389335
        ]
      },
      "MICE": {
        "rmse": 0.19783172149814293,
        "Fr": 4.249545836371582,
        "Fr+": 18.226293448652424,
        "d_kurt": 13.976747612280843,
        "kurt_C": [
          13.458939963067962,
          -1.1097336575938297,
          12.586424745389335
        ]
      }
    },
    "miga_fr": {
      "rmse": [
        0.3173064773134742,
        0.2793556097418347,
        0.2995920751124058,
        0.2993728453283486,
        0.30389065836450996,
        0.28446378246543197,
        0.31142618353734125,
        0.32509661142031254,
        0.30941453546253933,
        0.2700341268020708
      ],
      "fr": [
        0.593354205586869,
        0.5933684827832726,
        0.593317850134651,
        0.5933212454646966,
        0.5933495403279356,
        0.5933293222115994,
        0.5933563034266924,
        0.59329023592614,
        0.5933153512708047,
        0.5932899252246651
      ],
      "frplus": [
        2.3902240516587225,
        2.3902383288551263,
        2.3901876962065045,
        2.39019109153655,
        2.390219386399789,
        2.390199168283453,
        2.390226149498546,
        2.3901600819979936,
        2.3901851973426584,
        2.390159771296519
      ],
      "dkurt": [
        1.7968698460718535,
        1.7968698460718535,
        1.7968698460718535,
        1.7968698460718535,
        1.7968698460718535,
        1.7968698460718535,
        1.7968698460718535,
        1.7968698460718535,
        1.7968698460718535,
        1.7968698460718535
      ],
      "rmse_mean": 0.299995290554827,
      "fr_mean": 0.5933292462357327,
      "frplus_mean": 2.3901990923075864,
      "dkurt_mean": 1.7968698460718535
    },
    "miga_frplus": {
      "rmse": [
        0.2955519617115771,
        0.28702698502783774,
        0.27555367431451766,
        0.3137366542890074,
        0.28685919095852963,
        0.27895316644267115,
        0.31339233347669,
        0.2939630543005541,
        0.29466699219969006,
        0.2790943489906096
      ],
      "fr": [
        0.5932956648264955,
        0.5933336300294114,
        0.593304211254847,
        0.5933554934701499,
        0.5933429143339415,
        0.5932867553958723,
        0.5932933237356206,
        0.5934305015409731,
        0.5933321159978207,
        0.5933465305733234
      ],
      "frplus": [
        2.390165510898349,
        2.3902034761012647,
        2.3901740573267007,
        2.3902253395420034,
        2.3902127604057952,
        2.3901566014677256,
        2.390163169807474,
        2.3903003476128264,
        2.390201962069674,
        2.390216376645177
      ],
      "dkurt": [
        1.7968698460718535,
        1.7968698460718535,
        1.7968698460718535,
        1.7968698460718535,
        1.7968698460718535,
        1.7968698460718535,
        1.7968698460718535,
        1.7968698460718535,
        1.7968698460718535,
        1.7968698460718535
      ],
      "rmse_mean": 0.2918798361711684,
      "fr_mean": 0.5933321141158455,
      "frplus_mean": 2.3902019601876994,
      "dkurt_mean": 1.7968698460718535
    }
  }
}