{
  "Iris": {
    "dataset": "Iris",
    "n": 150,
    "p": 4,
    "n_seeds": 10,
    "l": 200,
    "G": 300,
    "Q": 3,
    "r": "2",
    "kurt_A": [
      -0.4942157371488869,
      -0.008577419111689633,
      -1.4378156700938662,
      -1.184181204928282
    ],
    "baselines": {
      "Mean": {
        "rmse": 0.2832955748807801,
        "Fr": 19.453865528011054,
        "Fr+": 23.06904502288882,
        "d_kurt": 3.615179494877766,
        "kurt_C": [
          2.4842230143963775,
          0.38725992556643307,
          -1.399663667123874,
          0.825864218614603
        ]
      },
      "KNN": {
        "rmse": 0.09414486141291532,
        "Fr": 1.8441870802438463,
        "Fr+": 2.70739896575168,
        "d_kurt": 0.8632118855078339,
        "kurt_C": [
          -1.2108351678062566,
          0.38725992556643307,
          -1.399663667123874,
          -1.4551951752579457
        ]
      },
      "MICE": {
        "rmse": 0.09324583474782452,
        "Fr": 1.837853963995157,
        "Fr+": 2.416979430991815,
        "d_kurt": 0.5791254669966581,
        "kurt_C": [
          -0.8020640524678222,
          0.38725992556643307,
          -1.399663667123874,
          -1.4713622323429454
        ]
      }
    },
    "miga_fr": {
      "rmse": [
        0.12652266042723054,
        0.11658704913862064,
        0.12394826446223595,
        0.12253737233133177,
        0.1257231015599391,
        0.12866626309832885,
        0.1228005943850887,
        0.1210434229089734,
        0.12304276872531106,
        0.1308894223956303
      ],
      "fr": [
        0.6340813650038719,
        0.5507573247133417,
        0.6004643777506596,
        0.6104780689485574,
        0.607429817330271,
        0.5933692414185938,
        0.5719947845086626,
        0.5879533214878291,
        0.6167879622385157,
        0.5841505006048707
      ],
      "frplus": [
        1.186378879656215,
        1.2320140754629565,
        1.1114472555730308,
        1.2243365631161196,
        1.1714656125471161,
        1.2476957001272821,
        1.100751023197265,
        1.152980587918948,
        1.1812364173454633,
        1.2042337739292823
      ],
      "dkurt": [
        0.552297514652343,
        0.6812567507496148,
        0.5109828778223713,
        0.6138584941675621,
        0.564035795216845,
        0.6543264587086884,
        0.5287562386886024,
        0.5650272664311191,
        0.5644484551069474,
        0.6200832733244117
      ],
      "rmse_mean": 0.12417609194326902,
      "fr_mean": 0.5957466764005173,
      "frplus_mean": 1.1812539888873679,
      "dkurt_mean": 0.5855073124868506
    },
    "miga_frplus": {
      "rmse": [
        0.12899723900008717,
        0.12343026117813377,
        0.11191762611986153,
        0.12720089492944664,
        0.13068075957585046,
        0.12556900900241696,
        0.1247454465053773,
        0.12200143530902063,
        0.12965957438299666,
        0.12104938608761562
      ],
      "fr": [
        0.6115526889790364,
        0.6308645015937685,
        0.5850610611913338,
        0.6262456341226003,
        0.6522558079084124,
        0.6155100913791556,
        0.561621494612734,
        0.5597089568459402,
        0.6464725363728541,
        0.6343029599456871
      ],
      "frplus": [
        1.0543016140356087,
        1.0935578211202985,
        1.0312276690402475,
        1.0648026941227886,
        1.0905186365028205,
        1.0526049779301219,
        1.0005783014910312,
        1.0171617256124097,
        1.0903814193870982,
        1.074410516032045
      ],
      "dkurt": [
        0.4427489250565724,
        0.4626933195265301,
        0.44616660784891365,
        0.4385570600001883,
        0.43826282859440807,
        0.43709488655096634,
        0.4389568068782971,
        0.45745276876646945,
        0.443908883014244,
        0.4401075560863579
      ],
      "rmse_mean": 0.12452516320908066,
      "fr_mean": 0.6123595732951522,
      "frplus_mean": 1.056954537527447,
      "dkurt_mean": 0.4445949642322947
    }
  }
}