{
  "Wine": {
    "dataset": "Wine",
    "n": 178,
    "p": 13,
    "n_seeds": 10,
    "l": 200,
    "G": 300,
    "Q": 3,
    "r": "1",
    "kurt_A": [
      -0.2226493916118195,
      1.6949084793318594,
      0.7722830686666629,
      0.3902712006252478,
      -0.799512843411927,
      -1.2177520406615177,
      0.013527840741959007,
      -0.6986628732954596,
      0.08980280339929747,
      0.48868398297320903,
      -0.797100530507211,
      -1.0937926732594645,
      -0.7887660675443202
    ],
    "baselines": {
      "Mean": {
        "rmse": 0.2183148130891089,
        "Fr": 137.47548276990221,
        "Fr+": 153.9679251337513,
        "d_kurt": 16.492442363849076,
        "kurt_C": [
          0.3259681972628248,
          1.5642636432078705,
          3.8935210808063943,
          0.39766530282891344,
          5.902633321177401,
          -0.8173887935821309,
          -1.1941806683646417,
          0.7324230187671441,
          0.6845197603295174,
          0.3684727937619101,
          -0.40562532764313053,
          0.1055784688942003,
          -0.1512965470344585
        ]
      },
      "KNN": {
        "rmse": 0.20397589907781544,
        "Fr": 131.15140387957197,
        "Fr+": 143.24490704531618,
        "d_kurt": 12.093503165744197,
        "kurt_C": [
          -0.6527841456002101,
          0.6391657399859731,
          2.5269469723411673,
          0.39766530282891344,
          3.6984970063692444,
          -0.8173887935821309,
          -1.1941806683646417,
          -0.28419044550874917,
          0.6845197603295174,
          0.3684727937619101,
          -0.40562532764313053,
          -0.5126519099970461,
          -0.1512965470344585
        ]
      },
      "MICE": {
        "rmse": 0.16407525120582248,
        "Fr": 112.8985190340195,
        "Fr+": 124.91194054896519,
        "d_kurt": 12.01342151494569,
        "kurt_C": [
          -0.5893668195478226,
          1.1232994154558913,
          1.844186243763838,
          0.39766530282891344,
          5.034693622476656,
          -0.8173887935821309,
          -1.1941806683646417,
          0.0030349883298455005,
          0.6845197603295174,
          0.3684727937619101,
          -0.40562532764313053,
          -0.9858438806419247,
          -0.1512965470344585
        ]
      }
    },
    "miga_fr": {
      "rmse": [
        0.2449700327623153,
        0.23533278556758608,
        0.23622742256377874,
        0.2327258641465464,
        0.2401405331790448,
        0.2351740575578197,
        0.24311877713843436,
        0.23946017799654665,
        0.24379111154406094,
        0.22908879353892764
      ],
      "fr": [
        68.2849448138004,
        68.7424356678231,
        67.89341861241,
        68.2239654789043,
        69.35805927517272,
        67.96308180441326,
        68.89248206362093,
        69.04501596221515,
        69.0813030847367,
        68.47518906738705
      ],
      "frplus": [
        78.0229542200467,
        77.6153235278805,
        76.68120066860897,
        77.86186323542725,
        79.12561214751676,
        77.9207810372911,
        78.64336581929618,
        79.75196397743008,
        77.19727304435011,
        77.20494093437048
      ],
      "dkurt": [
        9.738009406246313,
        8.872887860057403,
        8.787782056198965,
        9.637897756522948,
        9.767552872344046,
        9.957699232877845,
        9.750883755675241,
        10.706948015214927,
        8.115969959613409,
        8.729751866983435
      ],
      "rmse_mean": 0.23800295559950602,
      "fr_mean": 68.59598958304835,
      "frplus_mean": 78.00252786122181,
      "dkurt_mean": 9.406538278173453
    },
    "miga_frplus": {
      "rmse": [
        0.24596289663438062,
        0.24880668661581132,
        0.24130391528937434,
        0.24935205846772468,
        0.24901186693435584,
        0.23243524037265775,
        0.2579089843912915,
        0.24714859287040217,
        0.25055568463819816,
        0.24310943492934645
      ],
      "fr": [
        69.98204214190841,
        70.23150259449342,
        68.84010458533649,
        69.73747701513982,
        70.57986847248516,
        68.75680659659105,
        70.45193469320877,
        69.47500983709119,
        69.97267772631476,
        69.36394811718077
      ],
      "frplus": [
        77.43472051509245,
        77.65112645614,
        76.63929250118115,
        77.40117215939158,
        77.68078830076003,
        77.30900226208588,
        78.33901990313271,
        76.40865744881339,
        77.31118990105084,
        76.57983304820107
      ],
      "dkurt": [
        7.4526783731840425,
        7.4196238616465795,
        7.799187915844657,
        7.663695144251767,
        7.100919828274865,
        8.552195665494832,
        7.887085209923933,
        6.9336476117221935,
        7.338512174736078,
        7.215884931020296
      ],
      "rmse_mean": 0.24655953611435427,
      "fr_mean": 69.73913717797498,
      "frplus_mean": 77.2754802495849,
      "dkurt_mean": 7.536343071609925
    }
  }
}