{
  "Wholesale": {
    "dataset": "Wholesale",
    "n": 440,
    "p": 8,
    "n_seeds": 10,
    "l": 200,
    "G": 300,
    "Q": 3,
    "r": "inf",
    "kurt_A": [
      -1.605928528095787,
      0.3844093457019109,
      4.75496355354393,
      26.133561554496296,
      25.485405768508244,
      65.33351741311532,
      18.304719525549267,
      4.428439133766718
    ],
    "baselines": {
      "Mean": {
        "rmse": 0.12039598006901753,
        "Fr": 13.572656224118655,
        "Fr+": 142.65348624315888,
        "d_kurt": 129.08083001904023,
        "kurt_C": [
          -1.3144559753681424,
          -0.30569509587347454,
          5.915658298682095,
          20.69907496832713,
          12.361504591544614,
          25.026942649053595,
          26.449540547428004,
          133.50926915280695
        ]
      },
      "KNN": {
        "rmse": 0.0858894293941978,
        "Fr": 13.498644878283798,
        "Fr+": 142.57947489732402,
        "d_kurt": 129.08083001904023,
        "kurt_C": [
          -1.3144559753681424,
          -0.30569509587347454,
          3.389356829306177,
          9.788105793424807,
          12.361504591544614,
          25.026942649053595,
          8.555404118061897,
          133.50926915280695
        ]
      },
      "MICE": {
        "rmse": 0.081753032843126,
        "Fr": 13.252063958455302,
        "Fr+": 142.33289397749553,
        "d_kurt": 129.08083001904023,
        "kurt_C": [
          -1.3144559753681424,
          -0.30569509587347454,
          16.390702961191092,
          11.687790801587724,
          12.361504591544614,
          25.026942649053595,
          11.501985107548679,
          133.50926915280695
        ]
      }
    },
    "miga_fr": {
      "rmse": [
        0.14108964579966002,
        0.1447457497981017,
        0.147275836043179,
        0.14173487133325682,
        0.14724058168302287,
        0.14347320823020737,
        0.1401884880886469,
        0.14457751070280075,
        0.14063290906638182,
        0.1459666937516767
      ],
      "fr": [
        13.07875757467361,
        13.092613875554198,
        13.070095211487143,
        13.060957300184707,
        13.060049670234307,
        13.056103566945417,
        13.07866426608182,
        13.060438757720544,
        13.05060960976009,
        13.059947745879189
      ],
      "frplus": [
        142.15958759371384,
        142.17344389459444,
        142.15092523052738,
        142.14178731922493,
        142.14087968927453,
        142.13693358598564,
        142.15949428512207,
        142.14126877676077,
        142.13143962880034,
        142.14077776491942
      ],
      "dkurt": [
        129.08083001904023,
        129.08083001904023,
        129.08083001904023,
        129.08083001904023,
        129.08083001904023,
        129.08083001904023,
        129.08083001904023,
        129.08083001904023,
        129.08083001904023,
        129.08083001904023
      ],
      "rmse_mean": 0.1436925494496934,
      "fr_mean": 13.066823757852102,
      "frplus_mean": 142.14765377689235,
      "dkurt_mean": 129.0808300190402
    },
    "miga_frplus": {
      "rmse": [
        0.1428081000950547,
        0.14367090295746365,
        0.1535131034052349,
        0.14633266275545007,
        0.14416810144004613,
        0.1425668977419495,
        0.14048585284752654,
        0.14826381640182948,
        0.13928962153572608,
        0.1442317680813686
      ],
      "fr": [
        13.041180810265386,
        13.063801734954092,
        13.0559330243293,
        13.05693721983414,
        13.061038085936328,
        13.066864745463278,
        13.049660621839102,
        13.064585231413663,
        13.054363227885506,
        13.092260596853762
      ],
      "frplus": [
        142.12201082930562,
        142.14463175399433,
        142.13676304336954,
        142.13776723887437,
        142.14186810497657,
        142.1476947645035,
        142.13049064087934,
        142.1454152504539,
        142.13519324692575,
        142.173090615894
      ],
      "dkurt": [
        129.08083001904023,
        129.08083001904023,
        129.08083001904023,
        129.08083001904023,
        129.08083001904023,
        129.08083001904023,
        129.08083001904023,
        129.08083001904023,
        129.08083001904023,
        129.08083001904023
      ],
      "rmse_mean": 0.14453308272616497,
      "fr_mean": 13.060662529877456,
      "frplus_mean": 142.14149254891768,
      "dkurt_mean": 129.0808300190402
    }
  }
}