{
  "Iris": {
    "dataset": "Iris",
    "n": 150,
    "p": 4,
    "n_seeds": 10,
    "l": 200,
    "G": 300,
    "Q": 3,
    "r": "2",
    "kurt_A": [
      -0.5243370180931595,
      -0.10767403252067886,
      -1.4413101640784718,
      -1.4129075382720762
    ],
    "baselines": {
      "Mean": {
        "rmse": 0.2711775854800433,
        "Fr": 11.65077043719389,
        "Fr+": 16.528813746177637,
        "d_kurt": 4.878043308983748,
        "kurt_C": [
          3.5733108668146807,
          0.5250010926190769,
          -1.3771505615091033,
          1.1561767474334266
        ]
      },
      "KNN": {
        "rmse": 0.07977210584104782,
        "Fr": 0.8515790112110685,
        "Fr+": 1.5174357521008597,
        "d_kurt": 0.6658567408897911,
        "kurt_C": [
          -0.7181101340685996,
          0.5250010926190769,
          -1.3771505615091033,
          -1.375186054458762
        ]
      },
      "MICE": {
        "rmse": 0.0783127540392704,
        "Fr": 1.1555450379321726,
        "Fr+": 1.8386100883537118,
        "d_kurt": 0.6830650504215392,
        "kurt_C": [
          -0.7641459854570751,
          0.5250010926190769,
          -1.3771505615091033,
          -1.3445317113537314
        ]
      }
    },
    "miga_fr": {
      "rmse": [
        0.10887495144083784,
        0.11170258158106455,
        0.11638069446620702,
        0.117591476061423,
        0.1106035245137984,
        0.10800235320971116,
        0.11609840332793589,
        0.1032410776210629,
        0.10382116497800609,
        0.10462287382090057
      ],
      "fr": [
        0.48564316731655865,
        0.48493126278534776,
        0.4855264013045568,
        0.48524630939165575,
        0.4848470582802557,
        0.4855857355036902,
        0.48544042797755527,
        0.4854705123689759,
        0.48498201776568,
        0.4857734154388614
      ],
      "frplus": [
        1.1626121072726154,
        1.327626584513925,
        1.1384385535752108,
        1.1887035724156052,
        1.1265420428541528,
        1.2236186111917187,
        1.294976150054658,
        1.248897099440116,
        1.1612266494862522,
        1.1401054969697684
      ],
      "dkurt": [
        0.6769689399560568,
        0.8426953217285773,
        0.652912152270654,
        0.7034572630239495,
        0.6416949845738971,
        0.7380328756880283,
        0.8095357220771027,
        0.7634265870711401,
        0.6762446317205723,
        0.6543320815309069
      ],
      "rmse_mean": 0.11009391010209475,
      "fr_mean": 0.4853446308133137,
      "frplus_mean": 1.2012746867774022,
      "dkurt_mean": 0.7159300559640884
    },
    "miga_frplus": {
      "rmse": [
        0.11222169465917213,
        0.10301051229341257,
        0.11042168312482685,
        0.1091330263777121,
        0.12065717241432893,
        0.10742142777790076,
        0.11267528738087909,
        0.10366893856102866,
        0.10778539408310643,
        0.09836419116945724
      ],
      "fr": [
        0.4896319566498788,
        0.48960222309993584,
        0.4876987121180828,
        0.48667026665686297,
        0.4882445492804396,
        0.48677748881292743,
        0.48879298177654273,
        0.4856836642158523,
        0.488521340502035,
        0.4868164539565021
      ],
      "frplus": [
        1.126230215357101,
        1.1258216750064296,
        1.125518467671602,
        1.1242432688219817,
        1.124942013708487,
        1.1240071489922505,
        1.1264332069856373,
        1.1256157498466557,
        1.1270380656741064,
        1.1240866493868635
      ],
      "dkurt": [
        0.6365982587072222,
        0.6362194519064939,
        0.6378197555535191,
        0.6375730021651187,
        0.6366974644280473,
        0.6372296601793231,
        0.6376402252090946,
        0.6399320856308034,
        0.6385167251720715,
        0.6372701954303615
      ],
      "rmse_mean": 0.10853593278418247,
      "fr_mean": 0.4878439637069059,
      "frplus_mean": 1.1253936461451115,
      "dkurt_mean": 0.6375496824382056
    }
  }
}