{
  "dataset": "Glass",
  "has_label": true,
  "per_seed": {
    "0": {
      "Mean": {
        "accuracy": 0.630343300110742,
        "ks_pass": 0.0,
        "ci_coverage": 0.0
      },
      "KNN": {
        "accuracy": 0.6351052048726468,
        "ks_pass": 0.75,
        "ci_coverage": 1.0
      },
      "MICE": {
        "accuracy": 0.6258028792912513,
        "ks_pass": 0.75,
        "ci_coverage": 1.0
      },
      "MIGA": {
        "accuracy": 0.6538205980066445,
        "ks_pass": 0.0,
        "ci_coverage": 0.75
      }
    },
    "1": {
      "Mean": {
        "accuracy": 0.621373200442968,
        "ks_pass": 0.0,
        "ci_coverage": 0.0
      },
      "KNN": {
        "accuracy": 0.6539313399778516,
        "ks_pass": 0.5,
        "ci_coverage": 0.75
      },
      "MICE": {
        "accuracy": 0.6636766334440753,
        "ks_pass": 1.0,
        "ci_coverage": 1.0
      },
      "MIGA": {
        "accuracy": 0.5933554817275747,
        "ks_pass": 0.5,
        "ci_coverage": 0.25
      }
    },
    "2": {
      "Mean": {
        "accuracy": 0.626467331118494,
        "ks_pass": 0.0,
        "ci_coverage": 0.0
      },
      "KNN": {
        "accuracy": 0.612624584717608,
        "ks_pass": 1.0,
        "ci_coverage": 0.5
      },
      "MICE": {
        "accuracy": 0.6500553709856035,
        "ks_pass": 1.0,
        "ci_coverage": 0.5
      },
      "MIGA": {
        "accuracy": 0.6401993355481728,
        "ks_pass": 0.0,
        "ci_coverage": 0.75
      }
    },
    "3": {
      "Mean": {
        "accuracy": 0.6584717607973423,
        "ks_pass": 0.0,
        "ci_coverage": 0.0
      },
      "KNN": {
        "accuracy": 0.635437430786268,
        "ks_pass": 0.75,
        "ci_coverage": 0.75
      },
      "MICE": {
        "accuracy": 0.6493909191583611,
        "ks_pass": 0.75,
        "ci_coverage": 0.75
      },
      "MIGA": {
        "accuracy": 0.5931339977851605,
        "ks_pass": 0.25,
        "ci_coverage": 0.75
      }
    },
    "4": {
      "Mean": {
        "accuracy": 0.6221483942414175,
        "ks_pass": 0.0,
        "ci_coverage": 0.0
      },
      "KNN": {
        "accuracy": 0.6311184939091916,
        "ks_pass": 1.0,
        "ci_coverage": 0.5
      },
      "MICE": {
        "accuracy": 0.6124031007751938,
        "ks_pass": 1.0,
        "ci_coverage": 1.0
      },
      "MIGA": {
        "accuracy": 0.6033222591362126,
        "ks_pass": 0.25,
        "ci_coverage": 0.75
      }
    },
    "5": {
      "Mean": {
        "accuracy": 0.6400885935769657,
        "ks_pass": 0.0,
        "ci_coverage": 0.0
      },
      "KNN": {
        "accuracy": 0.6400885935769657,
        "ks_pass": 0.75,
        "ci_coverage": 0.75
      },
      "MICE": {
        "accuracy": 0.6305647840531561,
        "ks_pass": 0.5,
        "ci_coverage": 0.75
      },
      "MIGA": {
        "accuracy": 0.6073089700996677,
        "ks_pass": 0.5,
        "ci_coverage": 0.25
      }
    },
    "6": {
      "Mean": {
        "accuracy": 0.6403100775193798,
        "ks_pass": 0.0,
        "ci_coverage": 0.0
      },
      "KNN": {
        "accuracy": 0.6310077519379844,
        "ks_pass": 1.0,
        "ci_coverage": 0.75
      },
      "MICE": {
        "accuracy": 0.6308970099667774,
        "ks_pass": 0.75,
        "ci_coverage": 1.0
      },
      "MIGA": {
        "accuracy": 0.6170542635658914,
        "ks_pass": 0.25,
        "ci_coverage": 0.5
      }
    },
    "7": {
      "Mean": {
        "accuracy": 0.6073089700996677,
        "ks_pass": 0.0,
        "ci_coverage": 0.0
      },
      "KNN": {
        "accuracy": 0.6258028792912513,
        "ks_pass": 0.75,
        "ci_coverage": 0.75
      },
      "MICE": {
        "accuracy": 0.6491694352159468,
        "ks_pass": 0.5,
        "ci_coverage": 0.75
      },
      "MIGA": {
        "accuracy": 0.6217054263565891,
        "ks_pass": 0.0,
        "ci_coverage": 0.75
      }
    },
    "8": {
      "Mean": {
        "accuracy": 0.6310077519379844,
        "ks_pass": 0.0,
        "ci_coverage": 0.0
      },
      "KNN": {
        "accuracy": 0.6448504983388704,
        "ks_pass": 0.75,
        "ci_coverage": 0.75
      },
      "MICE": {
        "accuracy": 0.6263565891472868,
        "ks_pass": 0.5,
        "ci_coverage": 0.75
      },
      "MIGA": {
        "accuracy": 0.6125138427464009,
        "ks_pass": 0.25,
        "ci_coverage": 0.75
      }
    },
    "9": {
      "Mean": {
        "accuracy": 0.6634551495016611,
        "ks_pass": 0.0,
        "ci_coverage": 0.0
      },
      "KNN": {
        "accuracy": 0.6447397563676633,
        "ks_pass": 0.75,
        "ci_coverage": 0.75
      },
      "MICE": {
        "accuracy": 0.6308970099667774,
        "ks_pass": 0.5,
        "ci_coverage": 1.0
      },
      "MIGA": {
        "accuracy": 0.5512735326688815,
        "ks_pass": 0.0,
        "ci_coverage": 0.25
      }
    }
  },
  "summary": {
    "Mean": {
      "accuracy": 0.6340974529346621,
      "ks_pass": 0.0,
      "ci_coverage": 0.0
    },
    "KNN": {
      "accuracy": 0.6354706533776302,
      "ks_pass": 0.8,
      "ci_coverage": 0.725
    },
    "MICE": {
      "accuracy": 0.636921373200443,
      "ks_pass": 0.725,
      "ci_coverage": 0.85
    },
    "MIGA": {
      "accuracy": 0.6093687707641195,
      "ks_pass": 0.2,
      "ci_coverage": 0.575
    }
  }
}