{
  "dataset": "Wine",
  "has_label": true,
  "per_seed": {
    "0": {
      "Mean": {
        "accuracy": 0.9719047619047618,
        "ks_pass": 0.0,
        "ci_coverage": 0.0
      },
      "KNN": {
        "accuracy": 0.9830158730158731,
        "ks_pass": 0.6666666666666666,
        "ci_coverage": 0.6666666666666666
      },
      "MICE": {
        "accuracy": 0.9719047619047618,
        "ks_pass": 0.8333333333333334,
        "ci_coverage": 0.6666666666666666
      },
      "MIGA": {
        "accuracy": 0.9776190476190475,
        "ks_pass": 1.0,
        "ci_coverage": 0.8333333333333334
      }
    },
    "1": {
      "Mean": {
        "accuracy": 0.9776190476190475,
        "ks_pass": 0.0,
        "ci_coverage": 0.0
      },
      "KNN": {
        "accuracy": 0.9776190476190475,
        "ks_pass": 0.3333333333333333,
        "ci_coverage": 0.5
      },
      "MICE": {
        "accuracy": 0.9831746031746033,
        "ks_pass": 0.8333333333333334,
        "ci_coverage": 0.8333333333333334
      },
      "MIGA": {
        "accuracy": 0.9719047619047618,
        "ks_pass": 0.6666666666666666,
        "ci_coverage": 1.0
      }
    },
    "2": {
      "Mean": {
        "accuracy": 0.9776190476190477,
        "ks_pass": 0.0,
        "ci_coverage": 0.0
      },
      "KNN": {
        "accuracy": 0.9831746031746033,
        "ks_pass": 0.3333333333333333,
        "ci_coverage": 0.6666666666666666
      },
      "MICE": {
        "accuracy": 0.9831746031746033,
        "ks_pass": 0.5,
        "ci_coverage": 0.8333333333333334
      },
      "MIGA": {
        "accuracy": 0.9944444444444445,
        "ks_pass": 0.8333333333333334,
        "ci_coverage": 1.0
      }
    },
    "3": {
      "Mean": {
        "accuracy": 0.9722222222222221,
        "ks_pass": 0.0,
        "ci_coverage": 0.0
      },
      "KNN": {
        "accuracy": 0.9665079365079364,
        "ks_pass": 0.5,
        "ci_coverage": 0.6666666666666666
      },
      "MICE": {
        "accuracy": 0.9607936507936508,
        "ks_pass": 0.6666666666666666,
        "ci_coverage": 0.8333333333333334
      },
      "MIGA": {
        "accuracy": 0.971904761904762,
        "ks_pass": 0.6666666666666666,
        "ci_coverage": 0.6666666666666666
      }
    },
    "4": {
      "Mean": {
        "accuracy": 0.9495238095238095,
        "ks_pass": 0.0,
        "ci_coverage": 0.0
      },
      "KNN": {
        "accuracy": 0.9553968253968254,
        "ks_pass": 0.6666666666666666,
        "ci_coverage": 0.8333333333333334
      },
      "MICE": {
        "accuracy": 0.9606349206349206,
        "ks_pass": 0.8333333333333334,
        "ci_coverage": 0.8333333333333334
      },
      "MIGA": {
        "accuracy": 0.9607936507936508,
        "ks_pass": 0.5,
        "ci_coverage": 0.3333333333333333
      }
    },
    "5": {
      "Mean": {
        "accuracy": 0.9831746031746033,
        "ks_pass": 0.0,
        "ci_coverage": 0.0
      },
      "KNN": {
        "accuracy": 0.9831746031746033,
        "ks_pass": 0.6666666666666666,
        "ci_coverage": 0.6666666666666666
      },
      "MICE": {
        "accuracy": 0.9887301587301588,
        "ks_pass": 0.8333333333333334,
        "ci_coverage": 0.8333333333333334
      },
      "MIGA": {
        "accuracy": 0.9885714285714287,
        "ks_pass": 0.5,
        "ci_coverage": 0.5
      }
    },
    "6": {
      "Mean": {
        "accuracy": 0.9776190476190475,
        "ks_pass": 0.0,
        "ci_coverage": 0.0
      },
      "KNN": {
        "accuracy": 0.9833333333333332,
        "ks_pass": 0.5,
        "ci_coverage": 0.6666666666666666
      },
      "MICE": {
        "accuracy": 0.9722222222222221,
        "ks_pass": 0.6666666666666666,
        "ci_coverage": 0.8333333333333334
      },
      "MIGA": {
        "accuracy": 0.9777777777777779,
        "ks_pass": 0.5,
        "ci_coverage": 1.0
      }
    },
    "7": {
      "Mean": {
        "accuracy": 0.9831746031746033,
        "ks_pass": 0.0,
        "ci_coverage": 0.0
      },
      "KNN": {
        "accuracy": 0.9661904761904763,
        "ks_pass": 0.6666666666666666,
        "ci_coverage": 0.8333333333333334
      },
      "MICE": {
        "accuracy": 0.971904761904762,
        "ks_pass": 0.8333333333333334,
        "ci_coverage": 0.8333333333333334
      },
      "MIGA": {
        "accuracy": 0.971904761904762,
        "ks_pass": 0.6666666666666666,
        "ci_coverage": 0.6666666666666666
      }
    },
    "8": {
      "Mean": {
        "accuracy": 0.9776190476190475,
        "ks_pass": 0.0,
        "ci_coverage": 0.0
      },
      "KNN": {
        "accuracy": 0.9777777777777779,
        "ks_pass": 0.5,
        "ci_coverage": 0.6666666666666666
      },
      "MICE": {
        "accuracy": 0.9833333333333332,
        "ks_pass": 0.6666666666666666,
        "ci_coverage": 0.6666666666666666
      },
      "MIGA": {
        "accuracy": 0.9665079365079364,
        "ks_pass": 1.0,
        "ci_coverage": 0.6666666666666666
      }
    },
    "9": {
      "Mean": {
        "accuracy": 0.9606349206349206,
        "ks_pass": 0.0,
        "ci_coverage": 0.0
      },
      "KNN": {
        "accuracy": 0.9717460317460318,
        "ks_pass": 0.5,
        "ci_coverage": 0.5
      },
      "MICE": {
        "accuracy": 0.9604761904761905,
        "ks_pass": 0.6666666666666666,
        "ci_coverage": 0.8333333333333334
      },
      "MIGA": {
        "accuracy": 0.9717460317460318,
        "ks_pass": 0.8333333333333334,
        "ci_coverage": 0.6666666666666666
      }
    }
  },
  "summary": {
    "Mean": {
      "accuracy": 0.973111111111111,
      "ks_pass": 0.0,
      "ci_coverage": 0.0
    },
    "KNN": {
      "accuracy": 0.9747936507936507,
      "ks_pass": 0.5333333333333333,
      "ci_coverage": 0.6666666666666667
    },
    "MICE": {
      "accuracy": 0.9736349206349206,
      "ks_pass": 0.7333333333333334,
      "ci_coverage": 0.8
    },
    "MIGA": {
      "accuracy": 0.9753174603174604,
      "ks_pass": 0.7166666666666666,
      "ci_coverage": 0.7333333333333334
    }
  }
}