{
  "dataset": "Haberman",
  "has_label": true,
  "per_seed": {
    "0": {
      "Mean": {
        "accuracy": 0.7549444738233738,
        "ks_pass": 0.0,
        "ci_coverage": 0.0
      },
      "KNN": {
        "accuracy": 0.7451084082496033,
        "ks_pass": 0.0,
        "ci_coverage": 1.0
      },
      "MICE": {
        "accuracy": 0.7549444738233738,
        "ks_pass": 0.0,
        "ci_coverage": 0.0
      },
      "MIGA": {
        "accuracy": 0.7418297197250132,
        "ks_pass": 0.0,
        "ci_coverage": 1.0
      }
    },
    "1": {
      "Mean": {
        "accuracy": 0.7452141723955579,
        "ks_pass": 0.0,
        "ci_coverage": 0.0
      },
      "KNN": {
        "accuracy": 0.748492860920148,
        "ks_pass": 0.0,
        "ci_coverage": 0.0
      },
      "MICE": {
        "accuracy": 0.7452141723955579,
        "ks_pass": 0.0,
        "ci_coverage": 1.0
      },
      "MIGA": {
        "accuracy": 0.7419354838709677,
        "ks_pass": 1.0,
        "ci_coverage": 1.0
      }
    },
    "2": {
      "Mean": {
        "accuracy": 0.7483870967741935,
        "ks_pass": 0.0,
        "ci_coverage": 0.0
      },
      "KNN": {
        "accuracy": 0.7483870967741935,
        "ks_pass": 0.0,
        "ci_coverage": 0.0
      },
      "MICE": {
        "accuracy": 0.7483870967741935,
        "ks_pass": 0.0,
        "ci_coverage": 0.0
      },
      "MIGA": {
        "accuracy": 0.7483870967741935,
        "ks_pass": 1.0,
        "ci_coverage": 1.0
      }
    },
    "3": {
      "Mean": {
        "accuracy": 0.7354838709677419,
        "ks_pass": 0.0,
        "ci_coverage": 0.0
      },
      "KNN": {
        "accuracy": 0.7354838709677419,
        "ks_pass": 0.0,
        "ci_coverage": 1.0
      },
      "MICE": {
        "accuracy": 0.7354838709677419,
        "ks_pass": 0.0,
        "ci_coverage": 0.0
      },
      "MIGA": {
        "accuracy": 0.7387096774193548,
        "ks_pass": 0.0,
        "ci_coverage": 1.0
      }
    },
    "4": {
      "Mean": {
        "accuracy": 0.7419354838709677,
        "ks_pass": 0.0,
        "ci_coverage": 0.0
      },
      "KNN": {
        "accuracy": 0.7386567953463776,
        "ks_pass": 0.0,
        "ci_coverage": 1.0
      },
      "MICE": {
        "accuracy": 0.7419354838709677,
        "ks_pass": 0.0,
        "ci_coverage": 0.0
      },
      "MIGA": {
        "accuracy": 0.7288207297726071,
        "ks_pass": 0.0,
        "ci_coverage": 1.0
      }
    },
    "5": {
      "Mean": {
        "accuracy": 0.741776837652036,
        "ks_pass": 0.0,
        "ci_coverage": 0.0
      },
      "KNN": {
        "accuracy": 0.741776837652036,
        "ks_pass": 0.0,
        "ci_coverage": 0.0
      },
      "MICE": {
        "accuracy": 0.741776837652036,
        "ks_pass": 0.0,
        "ci_coverage": 0.0
      },
      "MIGA": {
        "accuracy": 0.7450555261766262,
        "ks_pass": 1.0,
        "ci_coverage": 0.0
      }
    },
    "6": {
      "Mean": {
        "accuracy": 0.748439978847171,
        "ks_pass": 0.0,
        "ci_coverage": 0.0
      },
      "KNN": {
        "accuracy": 0.7516657852987837,
        "ks_pass": 0.0,
        "ci_coverage": 0.0
      },
      "MICE": {
        "accuracy": 0.748439978847171,
        "ks_pass": 0.0,
        "ci_coverage": 0.0
      },
      "MIGA": {
        "accuracy": 0.7516657852987837,
        "ks_pass": 0.0,
        "ci_coverage": 0.0
      }
    },
    "7": {
      "Mean": {
        "accuracy": 0.741988365943945,
        "ks_pass": 0.0,
        "ci_coverage": 0.0
      },
      "KNN": {
        "accuracy": 0.741988365943945,
        "ks_pass": 0.0,
        "ci_coverage": 0.0
      },
      "MICE": {
        "accuracy": 0.741988365943945,
        "ks_pass": 0.0,
        "ci_coverage": 0.0
      },
      "MIGA": {
        "accuracy": 0.7387625594923322,
        "ks_pass": 0.0,
        "ci_coverage": 1.0
      }
    },
    "8": {
      "Mean": {
        "accuracy": 0.7482284505552618,
        "ks_pass": 0.0,
        "ci_coverage": 0.0
      },
      "KNN": {
        "accuracy": 0.7482284505552618,
        "ks_pass": 0.0,
        "ci_coverage": 0.0
      },
      "MICE": {
        "accuracy": 0.7482284505552618,
        "ks_pass": 0.0,
        "ci_coverage": 0.0
      },
      "MIGA": {
        "accuracy": 0.7384452670544684,
        "ks_pass": 1.0,
        "ci_coverage": 1.0
      }
    },
    "9": {
      "Mean": {
        "accuracy": 0.7419354838709677,
        "ks_pass": 0.0,
        "ci_coverage": 0.0
      },
      "KNN": {
        "accuracy": 0.7483870967741935,
        "ks_pass": 0.0,
        "ci_coverage": 0.0
      },
      "MICE": {
        "accuracy": 0.7419354838709677,
        "ks_pass": 0.0,
        "ci_coverage": 0.0
      },
      "MIGA": {
        "accuracy": 0.7516657852987838,
        "ks_pass": 0.0,
        "ci_coverage": 0.0
      }
    }
  },
  "summary": {
    "Mean": {
      "accuracy": 0.7448334214701215,
      "ks_pass": 0.0,
      "ci_coverage": 0.0
    },
    "KNN": {
      "accuracy": 0.7448175568482285,
      "ks_pass": 0.0,
      "ci_coverage": 0.3
    },
    "MICE": {
      "accuracy": 0.7448334214701215,
      "ks_pass": 0.0,
      "ci_coverage": 0.1
    },
    "MIGA": {
      "accuracy": 0.7425277630883131,
      "ks_pass": 0.4,
      "ci_coverage": 0.7
    }
  }
}