{
  "4": {
    "0.0": {
      "p": 4,
      "rho": 0.0,
      "n": 200,
      "n_miss": 120,
      "baselines": {
        "Mean": {
          "rmse": 0.15838262946751408,
          "fr": 1.775143879889526
        },
        "KNN": {
          "rmse": 0.16651248689595294,
          "fr": 1.530218000634166
        },
        "MICE": {
          "rmse": 0.15712163288496828,
          "fr": 1.7748099738957155
        }
      },
      "miga": {
        "rmse_mean": 0.2509536491817566,
        "rmse_std": 0.01382375568813698,
        "fr_mean": 0.4751355176749213,
        "fr_std": 0.00021235999672148493,
        "fr_advantage_over_mice": 1.2996744562207942,
        "rmse_gap_vs_mice": 0.09383201629678833,
        "rmse_list": [
          0.2522299570484897,
          0.27029141756552366,
          0.26089628644668506,
          0.23833897902137832,
          0.23301160582670616
        ],
        "fr_list": [
          0.47492128792215377,
          0.475417135131425,
          0.47522640354178,
          0.47525574934235687,
          0.474857012436891
        ]
      }
    },
    "0.3": {
      "p": 4,
      "rho": 0.3,
      "n": 200,
      "n_miss": 120,
      "baselines": {
        "Mean": {
          "rmse": 0.17710351007596464,
          "fr": 1.6505139799013748
        },
        "KNN": {
          "rmse": 0.18539984891498118,
          "fr": 1.5506004574733296
        },
        "MICE": {
          "rmse": 0.16543054861301232,
          "fr": 1.6683172276239717
        }
      },
      "miga": {
        "rmse_mean": 0.22254149162089068,
        "rmse_std": 0.009457660066744256,
        "fr_mean": 1.260016857404963,
        "fr_std": 0.000288863137476135,
        "fr_advantage_over_mice": 0.40830037021900867,
        "rmse_gap_vs_mice": 0.05711094300787836,
        "rmse_list": [
          0.21733330464374911,
          0.2098859399859671,
          0.2263110176708024,
          0.2381447573909793,
          0.22103243841295558
        ],
        "fr_list": [
          1.2596403708891253,
          1.26025312867726,
          1.2597162754750388,
          1.2603640289769444,
          1.2601104830064473
        ]
      }
    },
    "0.6": {
      "p": 4,
      "rho": 0.6,
      "n": 200,
      "n_miss": 120,
      "baselines": {
        "Mean": {
          "rmse": 0.16829490046604464,
          "fr": 1.5916543700337786
        },
        "KNN": {
          "rmse": 0.156651339653891,
          "fr": 1.5222217236749882
        },
        "MICE": {
          "rmse": 0.13491760475757314,
          "fr": 1.6554894700228848
        }
      },
      "miga": {
        "rmse_mean": 0.1908409068411381,
        "rmse_std": 0.013531808940244808,
        "fr_mean": 1.2505670263892406,
        "fr_std": 0.003576927668376193,
        "fr_advantage_over_mice": 0.40492244363364427,
        "rmse_gap_vs_mice": 0.05592330208356497,
        "rmse_list": [
          0.19655408925116696,
          0.1933786750370282,
          0.21031775292076427,
          0.1694701563756979,
          0.18448386062103317
        ],
        "fr_list": [
          1.2513552788811504,
          1.2571188743255084,
          1.2479284766896268,
          1.2471185784396597,
          1.249313923610257
        ]
      }
    },
    "0.9": {
      "p": 4,
      "rho": 0.9,
      "n": 200,
      "n_miss": 120,
      "baselines": {
        "Mean": {
          "rmse": 0.1611081012385116,
          "fr": 2.6508652541901965
        },
        "KNN": {
          "rmse": 0.09172685982681544,
          "fr": 1.3632571654644288
        },
        "MICE": {
          "rmse": 0.07405905803325884,
          "fr": 1.429027957011368
        }
      },
      "miga": {
        "rmse_mean": 0.10595677330885545,
        "rmse_std": 0.00505670278655929,
        "fr_mean": 1.090390869983644,
        "fr_std": 0.021178467094249132,
        "fr_advantage_over_mice": 0.338637087027724,
        "rmse_gap_vs_mice": 0.03189771527559661,
        "rmse_list": [
          0.10286241292851625,
          0.10772020719005401,
          0.10572425691547226,
          0.09919229672468749,
          0.1142846927855472
        ],
        "fr_list": [
          1.0698433801360159,
          1.0605431177081395,
          1.107703829811833,
          1.1005057988548583,
          1.1133582234073733
        ]
      }
    }
  },
  "8": {
    "0.0": {
      "p": 8,
      "rho": 0.0,
      "n": 200,
      "n_miss": 240,
      "baselines": {
        "Mean": {
          "rmse": 0.18865707393359984,
          "fr": 1.525331853890302
        },
        "KNN": {
          "rmse": 0.20066252131421472,
          "fr": 1.5447489225723734
        },
        "MICE": {
          "rmse": 0.18864542976451376,
          "fr": 1.5253787700471122
        }
      },
      "miga": {
        "rmse_mean": 0.2790005352351111,
        "rmse_std": 0.006260998954053382,
        "fr_mean": 1.1697435608300055,
        "fr_std": 0.005211328090086749,
        "fr_advantage_over_mice": 0.3556352092171067,
        "rmse_gap_vs_mice": 0.09035510547059733,
        "rmse_list": [
          0.2835213997833007,
          0.2759115940466751,
          0.2724065578884236,
          0.2741918116355622,
          0.2889713128215939
        ],
        "fr_list": [
          1.168824351230061,
          1.1687304756864973,
          1.16782193172165,
          1.1795063185533434,
          1.163834726958476
        ]
      }
    },
    "0.3": {
      "p": 8,
      "rho": 0.3,
      "n": 200,
      "n_miss": 240,
      "baselines": {
        "Mean": {
          "rmse": 0.15805749495508956,
          "fr": 2.1145840655939816
        },
        "KNN": {
          "rmse": 0.16643488703954207,
          "fr": 2.0871884500115647
        },
        "MICE": {
          "rmse": 0.1600146749269002,
          "fr": 1.9505917787009652
        }
      },
      "miga": {
        "rmse_mean": 0.2608556300290067,
        "rmse_std": 0.004298079355894175,
        "fr_mean": 1.6058842902666917,
        "fr_std": 0.005708925311205655,
        "fr_advantage_over_mice": 0.34470748843427357,
        "rmse_gap_vs_mice": 0.1008409551021065,
        "rmse_list": [
          0.26042243187598463,
          0.2668107719700691,
          0.2537923976448553,
          0.25994713502535743,
          0.2633054136287672
        ],
        "fr_list": [
          1.5969633804215135,
          1.6067268426587824,
          1.610178432145462,
          1.6024347309070728,
          1.6131180652006294
        ]
      }
    },
    "0.6": {
      "p": 8,
      "rho": 0.6,
      "n": 200,
      "n_miss": 240,
      "baselines": {
        "Mean": {
          "rmse": 0.172204659932029,
          "fr": 1.4070204296186144
        },
        "KNN": {
          "rmse": 0.14149769231538828,
          "fr": 1.289545557277121
        },
        "MICE": {
          "rmse": 0.13890071188296105,
          "fr": 1.1971133062463712
        }
      },
      "miga": {
        "rmse_mean": 0.20808152652646633,
        "rmse_std": 0.005343966357906504,
        "fr_mean": 1.107695325151545,
        "fr_std": 0.006059657450578731,
        "fr_advantage_over_mice": 0.08941798109482635,
        "rmse_gap_vs_mice": 0.06918081464350528,
        "rmse_list": [
          0.21012432760428082,
          0.20980814109560508,
          0.20912559777258793,
          0.21351572483638964,
          0.1978338413234681
        ],
        "fr_list": [
          1.1000564867161973,
          1.1074269427074273,
          1.1186009301143995,
          1.107130474362421,
          1.1052617918572785
        ]
      }
    },
    "0.9": {
      "p": 8,
      "rho": 0.9,
      "n": 200,
      "n_miss": 240,
      "baselines": {
        "Mean": {
          "rmse": 0.17521732532068254,
          "fr": 4.204731093787343
        },
        "KNN": {
          "rmse": 0.0815344373733415,
          "fr": 2.0095577252037717
        },
        "MICE": {
          "rmse": 0.06157133725950472,
          "fr": 1.5764519238824863
        }
      },