{
  "Iris": {
    "STD": {
      "fr_mean": 0.7834055468037311,
      "fr_std": 0.3299777681738869,
      "rmse_mean": 0.16448246454083043,
      "rmse_std": 0.02212070529699013,
      "conv_gen_mean": 223.4,
      "conv_gen_std": 12.191800523302536,
      "wall_sec": 63.534539222717285,
      "fr_list": [
        0.8507795228536561,
        0.3181418904044712,
        0.4912714445765043,
        1.1263716026181574,
        1.1304632735658662
      ],
      "rmse_list": [
        0.20030054533472108,
        0.16905103593728243,
        0.17095164697687967,
        0.13978247860517362,
        0.14232661585009537
      ],
      "conv_list": [
        224,
        241,
        210,
        232,
        210
      ]
    },
    "L": {
      "fr_mean": 0.7137803282098285,
      "fr_std": 0.3007225745621747,
      "rmse_mean": 0.1570985270277741,
      "rmse_std": 0.030933189181875594,
      "conv_gen_mean": 143.2,
      "conv_gen_std": 34.81034329046469,
      "wall_sec": 54.10436129570007,
      "fr_list": [
        0.8696147063603368,
        0.2986113488776558,
        0.4351395006189135,
        1.1115531497730928,
        0.8539829354191436
      ],
      "rmse_list": [
        0.21837463422238212,
        0.13946718834100227,
        0.14995235551431532,
        0.13797059623632835,
        0.13972786082484256
      ],
      "conv_list": [
        128,
        98,
        169,
        125,
        196
      ]
    },
    "E": {
      "fr_mean": 0.6990596577829822,
      "fr_std": 0.30089692334576007,
      "rmse_mean": 0.14846910612726524,
      "rmse_std": 0.015919850841528988,
      "conv_gen_mean": 118.4,
      "conv_gen_std": 23.686282950264694,
      "wall_sec": 52.43549585342407,
      "fr_list": [
        0.7876577001170932,
        0.2939049496746559,
        0.43318799395842156,
        1.1323929989845904,
        0.8481546461801495
      ],
      "rmse_list": [
        0.16414659195196607,
        0.15067558043552776,
        0.16635647393615355,
        0.12525407610896863,
        0.1359128082037102
      ],
      "conv_list": [
        112,
        80,
        119,
        128,
        153
      ]
    },
    "MICE": {
      "fr_mean": 1.2706236891366207,
      "fr_std": 0.23621761566980198,
      "rmse_mean": 0.10083606608742653,
      "rmse_std": 0.006084294159724722,
      "conv_gen_mean": null,
      "conv_gen_std": null,
      "wall_sec": 0.09466791152954102,
      "fr_list": [
        1.1483460714485278,
        1.2069642738731758,
        0.9664416166194627,
        1.6695571688549147,
        1.361809314887022
      ],
      "rmse_list": [
        0.10937793117914815,
        0.0994691402360479,
        0.10307499467198124,
        0.09060926004498662,
        0.1016490043049687
      ],
      "conv_list": []
    }
  },
  "Haberman": {
    "STD": {
      "fr_mean": 0.7540695166020918,
      "fr_std": 0.5653018968532165,
      "rmse_mean": 0.23344086624126162,
      "rmse_std": 0.09997723240313633,
      "conv_gen_mean": 56.0,
      "conv_gen_std": 34.790803382503256,
      "wall_sec": 65.07102918624878,
      "fr_list": [
        0.5976976192726811,
        1.8741778186810758,
        0.43134187015050474,
        0.3659739162146315,
        0.5011563586915659
      ],
      "rmse_list": [
        0.17737151628545092,
        0.43247096037220717,
        0.19156922585500008,
        0.1962706722689502,
        0.16952195642469967
      ],
      "conv_list": [
        99,
        0,
        41,
        85,
        55
      ]
    },
    "L": {
      "fr_mean": 0.7385509406288093,
      "fr_std": 0.5733362446161376,
      "rmse_mean": 0.23423165418285938,
      "rmse_std": 0.09389383370925097,
      "conv_gen_mean": 55.8,
      "conv_gen_std": 53.476723908631506,
      "wall_sec": 55.18252158164978,
      "fr_list": [
        0.5686270987803224,
        1.8741778203331951,
        0.4160833762950229,
        0.33270595836181205,
        0.5011604493736943
      ],
      "rmse_list": [
        0.18672679919358226,
        0.4206059130918542,
        0.20426974962614583,
        0.1911806887722297,
        0.16837512023048487
      ],
      "conv_list": [
        63,
        0,
        28,
        33,
        155
      ]
    },
    "E": {
      "fr_mean": 0.7272070056959017,
      "fr_std": 0.5771373838326489,
      "rmse_mean": 0.22422750313456702,
      "rmse_std": 0.07913945883772885,
      "conv_gen_mean": 62.2,
      "conv_gen_std": 44.51696305904076,
      "wall_sec": 54.085397243499756,
      "fr_list": [
        0.5119381119537212,
        1.874177822553706,
        0.4161216452482399,
        0.33264171475506166,
        0.5011557339687798
      ],
      "rmse_list": [
        0.17097828458518632,
        0.38111674040400967,
        0.20210312084141654,
        0.17828943899837565,
        0.18864993084384687
      ],
      "conv_list": [
        130,
        0,
        38,
        53,
        90
      ]
    },
    "MICE": {
      "fr_mean": 3.8022868103241323,
      "fr_std": 0.6387038435701592,
      "rmse_mean": 0.15983639161567514,
      "rmse_std": 0.06392094892906014,
      "conv_gen_mean": null,
      "conv_gen_std": null,
      "wall_sec": 0.017570972442626953,
      "fr_list": [
        4.329260469591482,
        2.67875074937037,
        3.669153467104642,
        3.8387096121843616,
        4.495559753369804
      ],
      "rmse_list": [
        0.1297267640696677,
        0.2863404368983788,
        0.14115601143633935,
        0.12966507936358235,
        0.11229366631040746
      ],
      "conv_list": []
    }
  },
  "Wholesale": {
    "STD": {
      "fr_mean": 8.69242972293512,
      "fr_std": 4.452114051109593,
      "rmse_mean": 0.23566442240068822,
      "rmse_std": 0.13884095014147796,
      "conv_gen_mean": 44.0,
      "conv_gen_std": 65.18895611988276,
      "wall_sec": 209.76383566856384,
      "fr_list": [
        4.902943214174037,
        4.369008246049402,
        14.161183212750526,
        5.974001116240684,
        14.055012825460954
      ],
      "rmse_list": [
        0.1216094164263247,
        0.11515563889765777,
        0.4231267985717222,
        0.3868899539888,
        0.1315403041189364
      ],
      "conv_list": [
        168,
        52,
        0,
        0,
        0
      ]
    },
    "L": {
      "fr_mean": 8.52520575487824,
      "fr_std": 4.478773326753266,
      "rmse_mean": 0.2589438319288247,
      "rmse_std": 0.15507630988421708,
      "conv_gen_mean": 49.0,
      "conv_gen_std": 60.03332407921454,
      "wall_sec": 143.3454086780548,
      "fr_list": [
        4.740371373204455,
        4.076493835768003,
        14.022107108602828,
        5.879770248002503,
        13.907286208813412
      ],
      "rmse_list": [
        0.12866831857791383,
        0.12869514835145704,
        0.4640981611921121,
        0.4327206384749648,
        0.1405368930476759
      ],
      "conv_list": [
        120,
        125,
        0,
        0,
        0
      ]
    },
    "E": {
      "fr_mean": 8.51819038477737,
      "fr_std": 4.480730588328414,
      "rmse_mean": 0.26515030325437383,
      "rmse_std": 0.16454272260662783,
      "conv_gen_mean": 44.0,
      "conv_gen_std": 54.258639865002145,
      "wall_sec": 134.8729212284088,
      "fr_list": [
        4.748588402129015,
        4.055990759127255,
        14.001477338742367,
        5.866282899302589,
        13.91861252458562
      ],
      "rmse_list": [
        0.1249711139580718,
        0.12268159770025344,
        0.47112878089057925,
        0.4616902071343631,
        0.14527981658860162
      ],
      "conv_list": [
        120,
        100,
        0,
        0,
        0
      ]
    },
    "MICE": {
      "fr_mean": 9.25008313802299,
      "fr_std": 4.120726319712736,
      "rmse_mean": 0.1354065364763716,
      "rmse_std": 0.07043044570502523,
      "conv_gen_mean": null,
      "conv_gen_std": null,
      "wall_sec": 0.16942191123962402,