{
  "Iris": {
    "MEAN": {
      "fr_mean": 11.267046795668064,
      "fr_std": 3.282059321240659,
      "rmse_mean": 0.2755879400444445,
      "rmse_std": 0.03167677040375984,
      "wall_sec": 0.0038604736328125,
      "fr_list": [
        10.070300239650916,
        7.463859936231553,
        17.142271570417158,
        9.59210553736304,
        12.066696694677653
      ],
      "rmse_list": [
        0.31090099098872825,
        0.2435457421183816,
        0.24132677411288891,
        0.2677448482494409,
        0.3144213447527825
      ]
    },
    "KNN": {
      "fr_mean": 1.076923265380613,
      "fr_std": 0.27314365497752485,
      "rmse_mean": 0.09600046497134909,
      "rmse_std": 0.008040223100553245,
      "wall_sec": 0.04210305213928223,
      "fr_list": [
        0.7934359625727134,
        0.7970618930107511,
        0.9965036944683632,
        1.417024934250324,
        1.380589842600913
      ],
      "rmse_list": [
        0.11100929701907103,
        0.09384336102855903,
        0.08668463686887633,
        0.0946011971015745,
        0.09386383283866462
      ]
    },
    "MICE": {
      "fr_mean": 1.2706236891366207,
      "fr_std": 0.23621761566980198,
      "rmse_mean": 0.10083606608742653,
      "rmse_std": 0.006084294159724722,
      "wall_sec": 0.09395194053649902,
      "fr_list": [
        1.1483460714485278,
        1.2069642738731758,
        0.9664416166194627,
        1.6695571688549147,
        1.361809314887022
      ],
      "rmse_list": [
        0.10937793117914815,
        0.0994691402360479,
        0.10307499467198124,
        0.09060926004498662,
        0.1016490043049687
      ]
    },
    "GAIN": {
      "fr_mean": 1.4780657475789531,
      "fr_std": 0.36571088432346366,
      "rmse_mean": 0.12393719121302418,
      "rmse_std": 0.02486602292031991,
      "wall_sec": 121.56970453262329,
      "fr_list": [
        0.9616553977201854,
        2.100428807833926,
        1.360751168724133,
        1.5047177322438032,
        1.4627756313727178
      ],
      "rmse_list": [
        0.14032918641845143,
        0.1641478800086264,
        0.10821324897876183,
        0.0956486052244718,
        0.11134703543480944
      ]
    },
    "MIGA": {
      "fr_mean": 0.8540135671384235,
      "fr_std": 0.3639978110650442,
      "rmse_mean": 0.15892044665994726,
      "rmse_std": 0.017960553581866996,
      "wall_sec": 47.88286733627319,
      "fr_list": [
        0.9649371261474149,
        0.33230155721320126,
        0.5318794182381089,
        1.1674352756614375,
        1.2735144584319542
      ],
      "rmse_list": [
        0.1918820369329719,
        0.15296895213568695,
        0.15984335958643475,
        0.13788137385885643,
        0.15202651078578608
      ]
    }
  },
  "Haberman": {
    "MEAN": {
      "fr_mean": 2.902363807619471,
      "fr_std": 0.34584692933058664,
      "rmse_mean": 0.15973680562296758,
      "rmse_std": 0.06411016949467287,
      "wall_sec": 0.004105567932128906,
      "fr_list": [
        3.3637628738670693,
        2.67821712702914,
        2.4403550712262216,
        2.7954136004404306,
        3.2340703655344947
      ],
      "rmse_list": [
        0.12976548797239215,
        0.286630579165092,
        0.14117300591809298,
        0.12879171576195467,
        0.11232323929730607
      ]
    },
    "KNN": {
      "fr_mean": 2.526837077981045,
      "fr_std": 0.6510552613155346,
      "rmse_mean": 0.1790597889674921,
      "rmse_std": 0.08250750155800687,
      "wall_sec": 0.007907867431640625,
      "fr_list": [
        3.0969384338012147,
        2.4659484080592797,
        1.341653879677387,
        3.1454595555552842,
        2.5841851128120616
      ],
      "rmse_list": [
        0.13940765108989853,
        0.3424772890225381,
        0.15662262617054,
        0.13622957193508564,
        0.12056180661939817
      ]
    },
    "MICE": {
      "fr_mean": 3.8022868103241323,
      "fr_std": 0.6387038435701592,
      "rmse_mean": 0.15983639161567514,
      "rmse_std": 0.06392094892906014,
      "wall_sec": 0.017728805541992188,
      "fr_list": [
        4.329260469591482,
        2.67875074937037,
        3.669153467104642,
        3.8387096121843616,
        4.495559753369804
      ],
      "rmse_list": [
        0.1297267640696677,
        0.2863404368983788,
        0.14115601143633935,
        0.12966507936358235,
        0.11229366631040746
      ]
    },
    "GAIN": {
      "fr_mean": 3.5817235701409422,
      "fr_std": 1.0328550626794868,
      "rmse_mean": 0.2063597224659061,
      "rmse_std": 0.07500025513224745,
      "wall_sec": 194.64790749549866,
      "fr_list": [
        2.25408311564596,
        3.0372232711464378,
        5.218680040376159,
        4.232023812657595,
        3.166607610878562
      ],
      "rmse_list": [
        0.14949464864140583,
        0.3407319721257271,
        0.2340055280293306,
        0.1373091925528066,
        0.1702572709802603
      ]
    },
    "MIGA": {
      "fr_mean": 0.7410430600461134,
      "fr_std": 0.5718857657228397,
      "rmse_mean": 0.2191945859055699,
      "rmse_std": 0.07763203465316636,
      "wall_sec": 48.321157693862915,
      "fr_list": [
        0.5405585132541413,
        1.8741778242866851,
        0.42065410026797556,
        0.33244978343314513,
        0.53737507898862
      ],
      "rmse_list": [
        0.19292980382947753,
        0.3724533278295535,
        0.18039472527054493,
        0.19184648425182177,
        0.158348588346452
      ]
    }
  },
  "Wholesale": {
    "MEAN": {
      "fr_mean": 9.97177177584561,
      "fr_std": 3.8452434573441545,
      "rmse_mean": 0.16810067719790264,
      "rmse_std": 0.08012377407256764,
      "wall_sec": 0.004589080810546875,
      "fr_list": [
        6.224503258957844,
        7.983101653570428,
        14.520288028683499,
        6.409844030514533,
        14.721121907501743
      ],
      "rmse_list": [
        0.11749668407418623,
        0.08718523557312474,
        0.26946168298651485,
        0.261481245853931,
        0.10487853750175641
      ]
    },
    "KNN": {
      "fr_mean": 9.749111042557082,
      "fr_std": 3.9505306175729724,
      "rmse_mean": 0.1468402459584002,
      "rmse_std": 0.060693576684370226,
      "wall_sec": 0.02459120750427246,
      "fr_list": [
        6.056304777786462,
        7.433217887796648,
        14.509652034876591,
        6.154684518389821,
        14.591695993935893
      ],
      "rmse_list": [
        0.11131454562223592,
        0.08167124370626364,
        0.2222734243953513,
        0.21820873145126324,
        0.10073328461688678
      ]
    },
    "MICE": {
      "fr_mean": 9.25008313802299,
      "fr_std": 4.120726319712736,
      "rmse_mean": 0.1354065364763716,
      "rmse_std": 0.07043044570502523,
      "wall_sec": 0.1766221523284912,
      "fr_list": [
        4.849542101680951,
        6.796264194656914,
        14.446345006861883,
        6.13323837149972,
        14.025026015415484
      ],
      "rmse_list": [
        0.07567023222766278,
        0.08820021763155422,
        0.22813710330387438,
        0.21429496680889668,
        0.07073016240986996
      ]
    },
    "GAIN": {
      "fr_mean": 9.551350551875043,
      "fr_std": 4.098565723237335,
      "rmse_mean": 0.1617523833646236,
      "rmse_std": 0.05937852103684473,
      "wall_sec": 176.58116936683655,
      "fr_list": [
        4.808866436330221,
        7.960053657773239,
        14.634902061131516,
        6.155035786461262,
        14.19789481767898
      ],
      "rmse_list": [
        0.09228953625177261,
        0.15130713774325266,
        0.23384963589801924,
        0.2267574560103473,
        0.10455815091972634
      ]
    },
    "MIGA": {
      "fr_mean": 8.838068627248317,
      "fr_std": 4.396201946016946,
      "rmse_mean": 0.22015526484087022,
      "rmse_std": 0.11598561197228446,
      "wall_sec": 154.4207022190094,